id,Номер Рейса,Тип Рейса,Время отправки,Время прибытия,id_Air_Marshal,id_Plane
1,201-46-8545,Грузовой,3:28,14:28,1,1
2,427-28-9261,Пассажирский,13:54,0:50,2,2
3,269-25-9086,Пассажирский,12:40,17:14,3,3
4,897-06-2632,Пассажирский,7:21,3:47,4,4
5,843-93-9817,Грузовой,0:20,16:05,5,5
6,283-11-5008,Пассажирский,10:08,2:18,6,6
7,117-10-6128,Грузовой,22:07,21:53,7,7
8,173-98-2799,Грузовой,23:33,20:54,8,8
9,845-72-4324,Пассажирский,13:10,9:34,9,9
10,759-27-9833,Грузовой,6:18,8:26,10,10
11,625-98-7843,Грузовой,10:41,0:22,11,11
12,434-71-9761,Пассажирский,12:04,9:23,12,12
13,264-96-0192,Грузовой,13:23,0:07,13,13
14,433-47-9865,Грузовой,3:38,13:39,14,14
15,782-45-7515,Пассажирский,14:33,21:10,15,15
16,207-41-3342,Пассажирский,2:54,18:20,16,16
17,588-65-8991,Грузовой,21:09,11:34,17,17
18,463-60-3991,Грузовой,21:18,13:49,18,18
19,776-30-3585,Грузовой,6:03,10:32,19,19
20,131-57-4004,Пассажирский,4:45,14:00,20,20
21,639-92-9048,Грузовой,9:14,9:19,21,21
22,623-27-7036,Грузовой,4:28,1:04,22,22
23,823-58-1199,Пассажирский,14:12,22:47,23,23
24,612-73-3961,Пассажирский,9:31,10:52,24,24
25,716-60-9016,Пассажирский,9:00,23:42,25,25
26,624-67-7097,Грузовой,5:34,23:06,26,26
27,527-14-2071,Грузовой,9:24,12:15,27,27
28,277-72-6776,Пассажирский,3:35,20:48,28,28
29,237-72-1558,Грузовой,9:03,20:11,29,29
30,460-36-7971,Грузовой,3:20,10:24,30,30
31,787-36-8000,Грузовой,15:29,19:55,31,31
32,171-07-9487,Грузовой,3:29,12:45,32,32
33,865-78-1471,Грузовой,0:57,17:46,33,33
34,694-48-8476,Пассажирский,14:04,13:01,34,34
35,857-02-6432,Пассажирский,16:33,3:18,35,35
36,817-24-9255,Грузовой,10:00,23:52,36,36
37,455-42-7711,Грузовой,23:39,7:13,37,37
38,668-97-0484,Грузовой,19:56,23:47,38,38
39,813-74-3405,Грузовой,15:06,0:00,39,39
40,159-14-6094,Пассажирский,16:26,19:50,40,40
41,676-34-2293,Пассажирский,20:08,4:15,41,41
42,729-07-9849,Грузовой,15:57,13:52,42,42
43,492-45-7264,Грузовой,3:10,7:04,43,43
44,286-38-0454,Грузовой,10:54,19:54,44,44
45,579-18-1992,Грузовой,10:04,7:54,45,45
46,155-61-9160,Пассажирский,3:51,15:49,46,46
47,870-97-4763,Пассажирский,16:20,0:04,47,47
48,103-03-2518,Пассажирский,17:00,23:15,48,48
49,687-03-8214,Пассажирский,11:09,23:48,49,49
50,394-06-1249,Пассажирский,20:07,3:21,50,50
51,229-53-0056,Грузовой,17:38,19:24,51,51
52,508-17-9197,Грузовой,21:38,19:40,52,52
53,810-55-4336,Пассажирский,11:38,11:05,53,53
54,129-47-7097,Грузовой,12:28,9:39,54,54
55,343-16-8020,Пассажирский,23:42,10:35,55,55
56,164-89-7558,Пассажирский,10:02,11:11,56,56
57,516-57-8413,Грузовой,3:17,15:49,57,57
58,674-72-4250,Грузовой,4:46,3:16,58,58
59,847-32-9263,Пассажирский,19:08,19:49,59,59
60,692-60-1581,Грузовой,3:47,7:45,60,60
61,790-15-1396,Грузовой,0:15,1:45,61,61
62,692-72-6679,Пассажирский,18:08,2:54,62,62
63,687-64-9516,Пассажирский,21:03,17:14,63,63
64,810-62-5193,Грузовой,22:16,16:28,64,64
65,610-64-8552,Грузовой,10:54,18:57,65,65
66,126-63-8420,Пассажирский,10:20,12:58,66,66
67,436-51-7472,Пассажирский,3:07,12:55,67,67
68,870-28-0237,Пассажирский,3:31,0:25,68,68
69,689-82-9581,Грузовой,5:49,2:26,69,69
70,357-53-4849,Пассажирский,12:13,5:51,70,70
71,359-58-1350,Грузовой,8:23,22:52,71,71
72,262-94-6839,Грузовой,6:41,22:28,72,72
73,624-62-1892,Пассажирский,5:33,5:21,73,73
74,813-84-7721,Пассажирский,17:01,18:21,74,74
75,656-28-0609,Пассажирский,8:45,2:10,75,75
76,442-64-1613,Пассажирский,7:49,20:56,76,76
77,222-94-6379,Грузовой,15:43,8:02,77,77
78,320-86-2352,Грузовой,7:00,2:10,78,78
79,793-24-3644,Грузовой,4:17,6:49,79,79
80,838-90-1674,Пассажирский,13:16,5:45,80,80
81,307-79-3451,Пассажирский,10:45,3:06,81,81
82,805-11-6788,Грузовой,15:00,23:51,82,82
83,601-40-2851,Грузовой,5:08,2:00,83,83
84,477-51-5909,Пассажирский,18:20,21:41,84,84
85,127-71-0653,Грузовой,22:32,1:42,85,85
86,367-25-1422,Пассажирский,23:00,22:16,86,86
87,834-22-4467,Грузовой,11:11,7:32,87,87
88,892-87-8142,Пассажирский,5:18,22:32,88,88
89,466-77-4459,Грузовой,11:10,10:29,89,89
90,536-45-0015,Грузовой,7:46,12:17,90,90
91,561-49-6838,Грузовой,15:15,16:54,91,91
92,675-41-9583,Грузовой,23:45,10:45,92,92
93,154-96-6072,Пассажирский,16:54,1:39,93,93
94,868-09-9572,Пассажирский,23:53,15:43,94,94
95,421-82-4327,Грузовой,11:02,3:14,95,95
96,788-84-0189,Грузовой,12:30,18:38,96,96
97,422-55-3216,Грузовой,21:25,20:51,97,97
98,398-20-9042,Грузовой,4:06,23:00,98,98
99,794-89-4006,Грузовой,10:09,2:07,99,99
100,615-26-9548,Грузовой,12:28,10:05,100,100
101,301-33-8315,Грузовой,15:42,11:17,101,101
102,418-66-6287,Пассажирский,3:10,14:17,102,102
103,580-50-0426,Грузовой,0:36,14:45,103,103
104,511-77-3115,Грузовой,6:40,21:49,104,104
105,741-45-4304,Пассажирский,4:21,11:50,105,105
106,725-47-7406,Пассажирский,13:53,3:25,106,106
107,672-70-2528,Грузовой,19:20,14:21,107,107
108,248-39-0016,Грузовой,2:31,9:25,108,108
109,771-98-5281,Грузовой,3:52,10:29,109,109
110,774-89-8026,Грузовой,11:49,20:58,110,110
111,474-54-2214,Пассажирский,11:48,4:50,111,111
112,671-92-2998,Грузовой,0:35,5:59,112,112
113,515-91-6707,Грузовой,23:29,5:40,113,113
114,566-78-8852,Пассажирский,19:32,2:51,114,114
115,458-59-7117,Пассажирский,1:22,1:15,115,115
116,766-34-9060,Пассажирский,5:20,14:24,116,116
117,554-67-2516,Грузовой,17:55,19:35,117,117
118,859-53-0192,Грузовой,23:39,2:17,118,118
119,802-99-8853,Грузовой,4:48,5:07,119,119
120,317-45-7011,Пассажирский,1:07,20:22,120,120
121,201-47-2372,Пассажирский,1:39,8:49,121,121
122,231-61-2155,Грузовой,1:58,15:36,122,122
123,863-82-8208,Пассажирский,20:56,22:34,123,123
124,636-08-3698,Грузовой,1:51,10:48,124,124
125,769-02-5468,Грузовой,18:57,21:24,125,125
126,504-55-9357,Пассажирский,2:24,20:39,126,126
127,589-23-8117,Грузовой,7:02,4:42,127,127
128,574-83-9443,Грузовой,11:03,11:23,128,128
129,894-61-6713,Пассажирский,20:23,6:34,129,129
130,275-80-3190,Пассажирский,17:35,20:15,130,130
131,107-16-4067,Пассажирский,20:10,14:26,131,131
132,877-35-4903,Пассажирский,9:33,9:39,132,132
133,889-72-9811,Грузовой,14:29,19:17,133,133
134,511-81-3923,Пассажирский,5:54,10:38,134,134
135,658-56-1965,Пассажирский,21:10,2:21,135,135
136,526-26-8547,Грузовой,22:55,20:11,136,136
137,678-72-1240,Грузовой,19:14,3:45,137,137
138,760-03-9559,Грузовой,12:40,5:07,138,138
139,834-21-1351,Грузовой,4:12,6:11,139,139
140,868-37-6484,Грузовой,5:15,2:40,140,140
141,200-74-2725,Грузовой,0:43,12:35,141,141
142,170-51-3180,Пассажирский,19:29,2:44,142,142
143,130-34-9270,Грузовой,17:57,9:40,143,143
144,427-13-0168,Грузовой,15:47,16:16,144,144
145,293-58-5631,Пассажирский,17:07,6:26,145,145
146,465-05-7577,Грузовой,16:31,4:25,146,146
147,480-78-7406,Пассажирский,16:01,16:25,147,147
148,879-32-2374,Пассажирский,15:27,6:49,148,148
149,821-16-7396,Пассажирский,7:12,7:24,149,149
150,396-46-8092,Грузовой,2:55,17:46,150,150
151,850-49-5203,Пассажирский,19:07,1:49,151,151
152,548-30-8109,Пассажирский,19:28,5:03,152,152
153,719-92-2297,Грузовой,9:59,3:06,153,153
154,448-21-2444,Грузовой,11:01,17:37,154,154
155,656-39-1322,Грузовой,9:23,15:35,155,155
156,342-98-4249,Грузовой,11:02,4:49,156,156
157,851-48-3470,Грузовой,21:53,15:06,157,157
158,553-26-2379,Грузовой,17:53,11:15,158,158
159,800-05-7015,Грузовой,22:45,21:32,159,159
160,355-09-9490,Грузовой,19:03,19:19,160,160
161,100-13-8487,Пассажирский,17:08,23:40,161,161
162,552-57-4570,Грузовой,22:44,15:35,162,162
163,106-83-3172,Грузовой,10:26,2:35,163,163
164,778-27-1655,Грузовой,9:10,3:07,164,164
165,850-60-5050,Пассажирский,16:34,0:45,165,165
166,162-77-8218,Пассажирский,22:39,18:27,166,166
167,369-30-4336,Пассажирский,10:56,19:46,167,167
168,678-89-5829,Пассажирский,6:13,19:37,168,168
169,191-13-9265,Пассажирский,13:18,18:58,169,169
170,177-74-4094,Пассажирский,7:38,15:11,170,170
171,218-34-1618,Грузовой,18:49,17:07,171,171
172,444-47-9961,Пассажирский,19:12,0:44,172,172
173,849-05-0410,Грузовой,15:14,16:06,173,173
174,527-68-0177,Пассажирский,10:51,19:57,174,174
175,123-89-1661,Грузовой,11:41,20:34,175,175
176,531-92-5477,Пассажирский,2:38,8:23,176,176
177,579-95-0024,Пассажирский,10:14,18:45,177,177
178,212-71-0836,Грузовой,23:43,19:51,178,178
179,147-61-4513,Грузовой,23:17,12:29,179,179
180,445-37-0624,Пассажирский,11:27,12:13,180,180
181,851-27-2492,Пассажирский,10:46,11:58,181,181
182,245-54-2434,Пассажирский,7:03,11:34,182,182
183,417-69-0764,Грузовой,2:07,7:13,183,183
184,421-79-3811,Пассажирский,3:08,5:03,184,184
185,856-33-9784,Грузовой,10:47,16:10,185,185
186,348-37-7008,Грузовой,23:15,16:57,186,186
187,541-85-5461,Пассажирский,18:36,23:29,187,187
188,890-81-3123,Пассажирский,12:41,11:18,188,188
189,766-73-5458,Пассажирский,15:35,21:29,189,189
190,332-78-6553,Пассажирский,3:11,13:55,190,190
191,453-08-4058,Грузовой,0:40,4:25,191,191
192,623-68-1484,Пассажирский,19:04,3:46,192,192
193,651-74-6239,Грузовой,9:52,7:15,193,193
194,137-18-0951,Грузовой,21:40,18:39,194,194
195,566-98-8480,Грузовой,16:48,21:27,195,195
196,663-33-4758,Пассажирский,12:11,4:10,196,196
197,468-42-8627,Грузовой,5:57,23:07,197,197
198,677-85-2984,Грузовой,15:34,15:00,198,198
199,205-85-6263,Пассажирский,12:24,21:12,199,199
200,262-43-6727,Грузовой,21:07,6:24,200,200
201,209-92-7283,Грузовой,7:34,1:00,201,201
202,660-25-2241,Пассажирский,10:15,5:49,202,202
203,738-21-0290,Грузовой,7:40,7:52,203,203
204,890-14-6715,Грузовой,2:57,12:10,204,204
205,657-55-1217,Грузовой,11:51,22:23,205,205
206,620-27-9100,Грузовой,21:06,15:15,206,206
207,716-12-6797,Грузовой,8:41,18:18,207,207
208,325-69-1468,Грузовой,14:18,8:48,208,208
209,698-64-7684,Пассажирский,9:22,8:26,209,209
210,552-92-2034,Грузовой,5:09,19:58,210,210
211,617-93-1824,Грузовой,11:24,20:38,211,211
212,358-80-7139,Грузовой,3:04,22:13,212,212
213,233-59-1238,Грузовой,18:40,7:36,213,213
214,442-88-2685,Пассажирский,9:53,16:35,214,214
215,142-29-1525,Пассажирский,19:00,2:25,215,215
216,739-72-6180,Грузовой,16:52,4:16,216,216
217,399-35-3754,Пассажирский,13:06,9:09,217,217
218,280-21-8547,Пассажирский,14:19,17:36,218,218
219,794-30-1261,Грузовой,9:12,16:29,219,219
220,711-65-6140,Пассажирский,21:50,15:36,220,220
221,411-81-2185,Пассажирский,21:23,5:04,221,221
222,398-10-2772,Пассажирский,7:46,5:57,222,222
223,309-57-9535,Грузовой,5:18,13:12,223,223
224,307-21-7481,Пассажирский,23:04,22:53,224,224
225,731-67-1618,Грузовой,18:15,8:09,225,225
226,732-63-1155,Пассажирский,6:15,3:55,226,226
227,646-16-5866,Пассажирский,22:30,7:34,227,227
228,706-29-4099,Грузовой,22:26,2:33,228,228
229,117-99-3948,Пассажирский,19:29,7:40,229,229
230,583-85-0624,Грузовой,11:24,22:21,230,230
231,392-82-6614,Пассажирский,22:02,19:16,231,231
232,658-74-4019,Грузовой,22:23,13:55,232,232
233,832-62-2416,Пассажирский,9:44,12:55,233,233
234,726-33-4825,Пассажирский,5:45,9:57,234,234
235,472-29-9231,Пассажирский,23:22,17:01,235,235
236,365-85-2269,Пассажирский,3:20,2:33,236,236
237,346-20-8689,Грузовой,14:02,0:11,237,237
238,297-87-5215,Грузовой,13:15,3:48,238,238
239,606-83-4767,Пассажирский,18:45,20:50,239,239
240,422-15-1668,Грузовой,8:13,19:53,240,240
241,102-03-0055,Пассажирский,13:07,9:54,241,241
242,834-07-4588,Грузовой,14:37,1:23,242,242
243,291-47-5277,Пассажирский,21:42,20:45,243,243
244,134-46-8604,Пассажирский,4:35,16:17,244,244
245,478-21-1233,Пассажирский,11:43,11:50,245,245
246,854-36-8251,Грузовой,10:39,12:31,246,246
247,676-75-4040,Грузовой,19:16,6:56,247,247
248,693-15-5477,Пассажирский,1:49,16:20,248,248
249,549-89-6205,Грузовой,14:10,13:49,249,249
250,425-27-8921,Грузовой,22:35,16:08,250,250
251,159-78-6313,Грузовой,17:52,17:29,251,251
252,255-49-8703,Пассажирский,7:40,11:37,252,252
253,733-88-1929,Грузовой,22:56,8:15,253,253
254,413-68-6037,Пассажирский,17:14,23:26,254,254
255,390-95-7843,Грузовой,2:25,16:17,255,255
256,440-75-3354,Пассажирский,12:13,2:34,256,256
257,856-95-8962,Грузовой,1:32,12:01,257,257
258,498-73-2498,Пассажирский,14:37,13:22,258,258
259,383-60-8280,Пассажирский,22:25,0:01,259,259
260,709-76-0481,Грузовой,18:51,1:59,260,260
261,645-18-7085,Пассажирский,7:24,23:35,261,261
262,591-53-7183,Пассажирский,9:10,0:53,262,262
263,427-70-4380,Пассажирский,14:19,7:16,263,263
264,731-58-3391,Грузовой,8:35,0:57,264,264
265,815-55-8386,Грузовой,16:35,5:35,265,265
266,506-59-3267,Пассажирский,4:39,4:42,266,266
267,746-72-2328,Грузовой,3:54,10:46,267,267
268,483-50-4849,Пассажирский,2:39,21:13,268,268
269,387-51-8963,Пассажирский,12:09,16:37,269,269
270,605-43-7033,Пассажирский,14:30,4:46,270,270
271,601-68-5870,Пассажирский,1:51,5:06,271,271
272,443-67-7407,Пассажирский,18:26,8:59,272,272
273,637-89-9354,Пассажирский,6:24,3:16,273,273
274,709-07-3137,Пассажирский,8:58,23:13,274,274
275,694-71-9489,Пассажирский,23:15,21:19,275,275
276,648-46-9263,Грузовой,20:34,8:58,276,276
277,609-49-9485,Пассажирский,4:00,13:26,277,277
278,421-67-8445,Пассажирский,23:32,19:57,278,278
279,577-34-8932,Грузовой,3:55,12:59,279,279
280,421-57-9945,Пассажирский,1:33,5:09,280,280
281,591-94-8580,Грузовой,12:28,5:59,281,281
282,139-07-8095,Пассажирский,22:23,13:02,282,282
283,724-41-8278,Грузовой,20:39,22:12,283,283
284,306-57-8305,Грузовой,13:10,5:02,284,284
285,846-61-7841,Грузовой,22:46,3:23,285,285
286,868-84-6099,Грузовой,8:24,15:51,286,286
287,578-90-4855,Пассажирский,2:26,20:50,287,287
288,756-97-3300,Пассажирский,11:59,20:07,288,288
289,730-41-2828,Грузовой,1:55,22:53,289,289
290,543-39-5611,Пассажирский,19:48,12:00,290,290
291,518-61-4093,Грузовой,9:23,6:22,291,291
292,123-26-7961,Грузовой,7:23,12:26,292,292
293,612-54-7149,Грузовой,16:52,10:03,293,293
294,436-08-8068,Пассажирский,21:34,18:06,294,294
295,318-97-9655,Грузовой,0:14,16:02,295,295
296,372-57-8112,Пассажирский,11:45,15:52,296,296
297,464-33-8324,Грузовой,5:11,23:07,297,297
298,566-28-1272,Пассажирский,15:45,20:11,298,298
299,812-89-2622,Грузовой,23:10,20:49,299,299
300,821-79-1030,Грузовой,3:37,4:39,300,300
301,352-25-5851,Пассажирский,18:56,23:27,301,301
302,284-50-6132,Пассажирский,7:14,14:52,302,302
303,719-22-9508,Пассажирский,13:45,21:25,303,303
304,373-44-3816,Грузовой,10:58,2:21,304,304
305,201-37-7134,Грузовой,1:38,22:27,305,305
306,447-25-9798,Грузовой,4:06,0:59,306,306
307,373-92-6225,Пассажирский,6:57,13:29,307,307
308,787-27-4740,Пассажирский,18:34,4:29,308,308
309,442-56-1544,Пассажирский,21:46,15:35,309,309
310,825-77-4713,Грузовой,14:02,1:16,310,310
311,732-88-9705,Пассажирский,18:37,0:17,311,311
312,648-56-9869,Пассажирский,18:08,18:10,312,312
313,558-46-3623,Грузовой,1:54,3:26,313,313
314,759-23-2164,Грузовой,0:25,2:53,314,314
315,112-96-1057,Грузовой,19:00,15:53,315,315
316,683-71-1239,Грузовой,13:05,23:08,316,316
317,140-03-2485,Грузовой,5:23,8:25,317,317
318,612-77-6443,Грузовой,4:32,14:20,318,318
319,691-03-2613,Грузовой,11:45,1:00,319,319
320,367-65-9384,Грузовой,22:56,5:13,320,320
321,286-46-6867,Грузовой,21:17,11:44,321,321
322,562-81-8223,Грузовой,14:35,0:09,322,322
323,185-14-5043,Грузовой,18:45,5:27,323,323
324,762-67-1804,Грузовой,16:32,14:27,324,324
325,232-50-0235,Грузовой,0:16,4:11,325,325
326,356-22-6098,Грузовой,8:51,15:45,326,326
327,358-45-6866,Грузовой,22:49,22:10,327,327
328,385-31-1619,Пассажирский,9:39,1:27,328,328
329,338-07-5313,Грузовой,3:41,3:08,329,329
330,485-63-8109,Грузовой,11:52,20:40,330,330
331,155-11-4199,Пассажирский,16:14,13:32,331,331
332,450-71-2292,Грузовой,14:57,9:52,332,332
333,212-42-2746,Пассажирский,17:34,1:02,333,333
334,327-31-0925,Пассажирский,13:02,18:29,334,334
335,153-26-3003,Пассажирский,10:34,0:57,335,335
336,686-43-9069,Грузовой,10:24,9:32,336,336
337,473-64-0246,Пассажирский,14:17,17:01,337,337
338,834-79-5322,Пассажирский,9:00,14:27,338,338
339,655-01-9962,Пассажирский,23:39,17:44,339,339
340,286-37-8069,Грузовой,19:15,20:14,340,340
341,783-61-2405,Пассажирский,9:51,1:45,341,341
342,272-95-9901,Пассажирский,2:25,5:12,342,342
343,865-88-6376,Грузовой,15:37,10:41,343,343
344,800-86-9656,Грузовой,18:18,16:42,344,344
345,735-37-6997,Грузовой,21:10,20:00,345,345
346,435-28-0045,Пассажирский,1:57,16:47,346,346
347,144-20-9087,Грузовой,7:05,16:24,347,347
348,670-06-1945,Пассажирский,4:46,13:51,348,348
349,205-89-9888,Пассажирский,8:34,15:29,349,349
350,757-78-3756,Пассажирский,5:22,1:34,350,350
351,436-85-9021,Пассажирский,0:54,22:01,351,351
352,120-58-4224,Грузовой,3:54,13:44,352,352
353,739-61-3076,Грузовой,11:23,18:43,353,353
354,651-44-7210,Грузовой,14:48,23:08,354,354
355,807-21-0557,Грузовой,8:27,10:53,355,355
356,801-99-1929,Грузовой,11:26,15:23,356,356
357,705-57-9433,Грузовой,14:05,15:43,357,357
358,597-62-6129,Пассажирский,19:51,11:28,358,358
359,520-36-9138,Грузовой,8:28,10:29,359,359
360,796-33-6160,Грузовой,6:56,20:42,360,360
361,891-47-5695,Грузовой,19:52,13:44,361,361
362,448-18-4651,Пассажирский,19:18,13:52,362,362
363,740-81-3137,Грузовой,11:07,6:59,363,363
364,308-32-8907,Грузовой,21:08,11:04,364,364
365,796-38-7679,Пассажирский,21:41,18:57,365,365
366,319-53-3912,Пассажирский,9:18,6:23,366,366
367,237-15-9685,Пассажирский,6:05,6:40,367,367
368,320-95-3550,Грузовой,12:27,15:03,368,368
369,132-89-5814,Пассажирский,5:47,10:33,369,369
370,275-39-3488,Грузовой,9:46,9:25,370,370
371,367-73-2480,Грузовой,3:15,19:37,371,371
372,397-27-9764,Грузовой,8:17,12:10,372,372
373,853-27-8373,Пассажирский,5:07,8:56,373,373
374,670-94-8086,Пассажирский,13:50,12:56,374,374
375,639-63-3486,Пассажирский,14:06,9:21,375,375
376,273-16-7553,Грузовой,14:43,2:34,376,376
377,658-59-7016,Пассажирский,21:43,23:13,377,377
378,746-86-0705,Пассажирский,20:43,16:32,378,378
379,434-03-1845,Грузовой,1:42,16:22,379,379
380,710-71-4860,Пассажирский,14:35,7:20,380,380
381,705-19-9255,Пассажирский,22:42,23:44,381,381
382,405-58-3305,Грузовой,6:00,22:11,382,382
383,226-85-8038,Пассажирский,8:39,2:53,383,383
384,133-90-8549,Грузовой,16:31,18:28,384,384
385,744-49-5003,Пассажирский,17:26,8:21,385,385
386,410-68-0718,Пассажирский,6:17,4:03,386,386
387,862-20-2256,Пассажирский,5:29,3:21,387,387
388,336-81-9070,Грузовой,9:33,1:54,388,388
389,883-37-4726,Пассажирский,4:47,6:36,389,389
390,549-82-1939,Пассажирский,8:15,21:39,390,390
391,452-64-2255,Пассажирский,6:42,13:32,391,391
392,680-94-0606,Пассажирский,19:23,15:05,392,392
393,577-53-2003,Пассажирский,21:38,7:34,393,393
394,425-90-5685,Грузовой,5:50,22:06,394,394
395,634-79-8846,Пассажирский,17:04,19:37,395,395
396,646-32-0063,Пассажирский,23:29,23:11,396,396
397,459-73-2780,Пассажирский,13:20,18:09,397,397
398,611-82-9593,Грузовой,1:51,22:19,398,398
399,320-68-6079,Грузовой,23:13,1:22,399,399
400,185-54-8331,Пассажирский,23:33,11:23,400,400
401,481-19-4492,Пассажирский,20:59,23:41,401,401
402,744-66-9481,Грузовой,17:53,15:50,402,402
403,690-39-0325,Грузовой,6:43,17:37,403,403
404,447-15-8929,Пассажирский,22:31,16:31,404,404
405,362-91-4504,Грузовой,15:39,8:48,405,405
406,739-32-3775,Пассажирский,9:54,23:01,406,406
407,741-93-7189,Грузовой,11:11,8:33,407,407
408,654-51-5497,Пассажирский,19:14,4:42,408,408
409,211-32-0197,Пассажирский,13:38,3:03,409,409
410,442-66-6591,Пассажирский,18:23,21:23,410,410
411,444-93-2895,Пассажирский,17:26,3:06,411,411
412,457-92-3602,Грузовой,20:09,0:13,412,412
413,407-88-8713,Грузовой,3:01,6:30,413,413
414,306-07-1619,Грузовой,0:15,8:25,414,414
415,521-62-7017,Грузовой,6:14,6:00,415,415
416,711-92-6608,Грузовой,2:45,9:41,416,416
417,627-63-6585,Пассажирский,16:01,12:01,417,417
418,748-41-5555,Грузовой,23:43,12:44,418,418
419,738-38-7560,Грузовой,2:45,20:32,419,419
420,569-75-0692,Грузовой,6:15,6:50,420,420
421,164-28-3003,Пассажирский,20:29,3:56,421,421
422,623-81-8882,Пассажирский,13:41,12:08,422,422
423,834-97-2541,Пассажирский,18:47,12:22,423,423
424,311-41-1773,Грузовой,13:10,0:57,424,424
425,584-39-8013,Грузовой,22:14,20:43,425,425
426,298-16-6368,Грузовой,11:33,20:51,426,426
427,107-86-0085,Грузовой,20:14,11:51,427,427
428,117-19-9898,Пассажирский,15:41,19:24,428,428
429,721-91-8595,Грузовой,4:00,17:09,429,429
430,320-62-5766,Пассажирский,4:34,21:55,430,430
431,308-32-7996,Пассажирский,20:04,16:45,431,431
432,585-10-9329,Пассажирский,0:47,19:38,432,432
433,892-72-4370,Грузовой,23:24,4:45,433,433
434,672-18-1187,Грузовой,13:41,20:03,434,434
435,376-58-3654,Грузовой,8:57,15:07,435,435
436,110-29-9321,Пассажирский,8:37,18:34,436,436
437,132-21-8162,Грузовой,14:53,10:37,437,437
438,863-85-1695,Пассажирский,2:09,21:39,438,438
439,553-35-9606,Пассажирский,20:38,6:03,439,439
440,602-81-5854,Пассажирский,15:08,17:08,440,440
441,466-99-3747,Пассажирский,10:02,2:21,441,441
442,694-52-2767,Грузовой,19:07,2:28,442,442
443,546-04-2374,Грузовой,18:30,7:39,443,443
444,579-60-1611,Грузовой,4:33,0:12,444,444
445,624-40-6729,Пассажирский,18:13,23:04,445,445
446,619-80-1952,Грузовой,6:16,18:45,446,446
447,756-48-2773,Пассажирский,4:34,10:16,447,447
448,707-88-8913,Пассажирский,15:14,17:48,448,448
449,604-19-1396,Пассажирский,9:48,0:05,449,449
450,161-23-2076,Грузовой,8:52,18:26,450,450
451,771-25-9768,Грузовой,11:03,21:31,451,451
452,721-59-7899,Пассажирский,19:21,13:33,452,452
453,696-68-3997,Пассажирский,17:49,13:52,453,453
454,798-71-5568,Грузовой,5:38,3:40,454,454
455,413-01-9929,Пассажирский,16:07,10:57,455,455
456,122-07-7193,Грузовой,4:58,17:54,456,456
457,323-02-5268,Грузовой,0:21,15:40,457,457
458,563-40-9505,Грузовой,8:43,8:36,458,458
459,847-53-2434,Грузовой,3:30,18:44,459,459
460,853-76-1965,Грузовой,12:52,18:01,460,460
461,741-05-2837,Пассажирский,12:57,15:43,461,461
462,356-38-6129,Пассажирский,3:23,23:14,462,462
463,502-61-6349,Пассажирский,11:58,4:13,463,463
464,823-09-2746,Грузовой,16:14,16:50,464,464
465,887-90-3578,Пассажирский,3:54,5:58,465,465
466,577-19-3638,Пассажирский,14:47,8:51,466,466
467,488-26-2673,Пассажирский,20:19,3:42,467,467
468,653-17-9163,Грузовой,19:43,5:34,468,468
469,586-64-1712,Грузовой,18:12,9:45,469,469
470,171-43-6744,Грузовой,17:35,4:20,470,470
471,761-89-4653,Грузовой,17:44,18:10,471,471
472,302-76-8636,Грузовой,1:47,20:26,472,472
473,347-31-9638,Пассажирский,20:44,0:43,473,473
474,773-40-5698,Грузовой,22:31,23:22,474,474
475,413-31-8061,Грузовой,14:37,12:55,475,475
476,830-05-5388,Грузовой,9:43,17:35,476,476
477,819-43-8775,Грузовой,16:49,10:44,477,477
478,239-60-1870,Пассажирский,19:38,11:32,478,478
479,387-02-4782,Грузовой,23:02,1:44,479,479
480,562-75-9304,Грузовой,11:49,14:39,480,480
481,184-10-4803,Грузовой,14:55,15:38,481,481
482,178-68-7049,Грузовой,23:33,4:43,482,482
483,751-67-6755,Пассажирский,2:19,4:54,483,483
484,472-09-9869,Грузовой,19:50,23:58,484,484
485,612-24-3429,Грузовой,20:01,8:15,485,485
486,868-03-1236,Грузовой,14:33,9:33,486,486
487,243-84-9180,Грузовой,21:55,16:41,487,487
488,315-10-8186,Пассажирский,5:02,18:45,488,488
489,677-13-0616,Пассажирский,10:42,11:02,489,489
490,128-17-8384,Пассажирский,2:57,0:48,490,490
491,344-57-0326,Пассажирский,0:16,0:06,491,491
492,662-06-9054,Пассажирский,15:56,16:36,492,492
493,161-79-3386,Грузовой,4:00,19:58,493,493
494,307-60-0354,Пассажирский,17:07,18:40,494,494
495,431-17-7212,Пассажирский,3:27,20:35,495,495
496,877-45-8203,Пассажирский,5:41,15:01,496,496
497,732-15-9711,Пассажирский,14:15,16:10,497,497
498,369-65-4784,Пассажирский,18:27,1:09,498,498
499,609-86-8056,Грузовой,2:37,15:12,499,499
500,670-89-4309,Грузовой,18:02,1:57,500,500
501,414-50-5671,Пассажирский,22:42,7:43,501,501
502,751-33-8364,Грузовой,17:06,14:21,502,502
503,436-57-1479,Пассажирский,13:41,10:49,503,503
504,361-67-9890,Пассажирский,19:37,10:24,504,504
505,793-60-2249,Грузовой,14:15,13:40,505,505
506,732-36-2265,Пассажирский,5:16,1:29,506,506
507,565-59-0744,Пассажирский,5:41,4:27,507,507
508,806-60-2355,Пассажирский,16:05,16:52,508,508
509,120-39-1929,Грузовой,9:12,18:19,509,509
510,360-52-4180,Грузовой,2:27,17:23,510,510
511,229-39-1479,Пассажирский,17:17,6:21,511,511
512,689-73-8173,Грузовой,18:46,8:24,512,512
513,654-71-7122,Пассажирский,15:34,0:34,513,513
514,850-04-4887,Грузовой,23:39,4:59,514,514
515,636-89-0636,Грузовой,17:14,12:39,515,515
516,762-52-4748,Грузовой,5:41,9:06,516,516
517,645-03-0289,Пассажирский,9:27,19:15,517,517
518,320-96-1562,Пассажирский,2:12,20:00,518,518
519,411-49-5780,Грузовой,10:25,18:24,519,519
520,779-45-9212,Пассажирский,8:14,2:12,520,520
521,199-65-5203,Пассажирский,5:40,14:30,521,521
522,535-02-4189,Грузовой,22:34,13:05,522,522
523,483-91-8678,Грузовой,13:47,12:01,523,523
524,442-11-9233,Грузовой,12:49,11:38,524,524
525,751-95-0016,Грузовой,13:44,0:02,525,525
526,781-80-5835,Грузовой,1:23,21:47,526,526
527,490-75-9024,Пассажирский,12:14,14:55,527,527
528,832-73-2857,Пассажирский,1:23,22:18,528,528
529,777-64-4643,Пассажирский,4:20,15:13,529,529
530,579-87-4065,Грузовой,19:28,23:49,530,530
531,150-54-5116,Грузовой,22:39,19:13,531,531
532,805-43-3614,Грузовой,16:57,17:45,532,532
533,153-12-8234,Пассажирский,13:32,9:25,533,533
534,892-35-9336,Грузовой,12:18,5:46,534,534
535,707-08-4687,Пассажирский,6:51,22:39,535,535
536,654-57-2849,Грузовой,13:41,5:42,536,536
537,601-79-8410,Грузовой,11:25,3:56,537,537
538,232-63-1994,Пассажирский,0:26,19:46,538,538
539,164-86-5215,Грузовой,2:42,12:30,539,539
540,396-05-4164,Грузовой,0:44,5:00,540,540
541,677-96-5730,Пассажирский,4:47,20:57,541,541
542,398-68-3373,Грузовой,8:47,5:36,542,542
543,620-97-7692,Пассажирский,1:42,9:19,543,543
544,182-81-9120,Грузовой,0:25,3:25,544,544
545,198-57-9220,Пассажирский,5:02,21:13,545,545
546,240-46-1670,Грузовой,18:54,11:28,546,546
547,319-72-1365,Грузовой,5:32,1:18,547,547
548,850-24-0424,Пассажирский,13:17,6:01,548,548
549,763-53-6287,Пассажирский,22:07,15:46,549,549
550,807-50-3425,Пассажирский,14:44,23:40,550,550
551,538-32-3478,Грузовой,2:16,21:07,551,551
552,159-89-7710,Грузовой,14:59,17:36,552,552
553,707-25-9736,Пассажирский,23:37,10:30,553,553
554,346-92-9371,Пассажирский,13:15,1:25,554,554
555,899-36-7625,Пассажирский,23:33,9:47,555,555
556,240-92-9335,Пассажирский,0:42,5:57,556,556
557,833-42-1145,Грузовой,20:00,20:44,557,557
558,372-71-6410,Грузовой,8:32,0:31,558,558
559,691-01-2405,Пассажирский,20:53,12:05,559,559
560,372-52-7181,Пассажирский,22:50,17:36,560,560
561,870-08-5043,Грузовой,15:57,16:49,561,561
562,652-89-6313,Грузовой,22:00,4:23,562,562
563,603-75-9894,Грузовой,20:19,13:24,563,563
564,681-62-1124,Грузовой,21:55,14:57,564,564
565,467-79-4718,Грузовой,1:10,11:36,565,565
566,218-88-1774,Пассажирский,3:06,1:55,566,566
567,600-99-5241,Пассажирский,17:26,22:13,567,567
568,518-15-6855,Грузовой,6:53,7:12,568,568
569,519-15-0440,Грузовой,12:42,17:19,569,569
570,653-19-1485,Грузовой,1:39,2:15,570,570
571,318-18-4445,Грузовой,9:04,5:28,571,571
572,578-62-3333,Грузовой,7:08,20:49,572,572
573,499-29-3564,Пассажирский,22:14,22:12,573,573
574,579-69-3717,Грузовой,1:34,14:05,574,574
575,764-95-2532,Пассажирский,0:25,20:47,575,575
576,290-58-7188,Грузовой,5:50,0:24,576,576
577,803-49-0543,Грузовой,22:39,3:56,577,577
578,562-61-4362,Пассажирский,2:43,19:08,578,578
579,460-19-2454,Пассажирский,11:49,6:07,579,579
580,358-31-0113,Пассажирский,10:20,9:23,580,580
581,230-68-0219,Грузовой,18:05,18:41,581,581
582,744-75-5892,Пассажирский,22:52,16:00,582,582
583,795-08-3989,Грузовой,2:20,7:49,583,583
584,593-20-9903,Грузовой,1:49,0:45,584,584
585,139-94-4687,Пассажирский,4:17,3:02,585,585
586,664-38-3252,Грузовой,8:23,12:11,586,586
587,628-75-3081,Пассажирский,7:01,10:07,587,587
588,791-22-4096,Грузовой,5:28,8:34,588,588
589,399-83-4133,Грузовой,7:24,15:05,589,589
590,369-02-4682,Пассажирский,13:11,9:06,590,590
591,423-67-6572,Пассажирский,10:01,3:50,591,591
592,657-70-7640,Пассажирский,0:35,17:34,592,592
593,595-23-3745,Пассажирский,6:14,1:30,593,593
594,334-20-8922,Грузовой,11:57,11:54,594,594
595,501-21-5000,Грузовой,11:01,21:46,595,595
596,760-06-7431,Пассажирский,4:28,16:17,596,596
597,567-05-2393,Грузовой,2:41,3:00,597,597
598,769-44-5593,Пассажирский,12:22,22:58,598,598
599,678-73-9817,Грузовой,4:43,17:02,599,599
600,319-85-5855,Пассажирский,0:17,10:13,600,600
601,163-28-3800,Пассажирский,13:02,5:49,601,601
602,703-59-4273,Пассажирский,3:37,4:14,602,602
603,421-24-5047,Пассажирский,7:28,3:50,603,603
604,457-43-2026,Грузовой,2:26,10:08,604,604
605,574-04-6752,Пассажирский,14:41,0:18,605,605
606,726-02-1333,Пассажирский,19:02,12:06,606,606
607,286-30-9314,Грузовой,7:00,1:17,607,607
608,201-04-4632,Пассажирский,11:07,20:30,608,608
609,643-53-6686,Грузовой,3:11,16:52,609,609
610,291-01-9099,Грузовой,18:01,8:11,610,610
611,548-21-0791,Грузовой,3:22,0:07,611,611
612,302-05-6859,Пассажирский,22:53,3:28,612,612
613,495-30-7060,Пассажирский,10:16,8:13,613,613
614,478-99-2185,Пассажирский,4:17,10:30,614,614
615,723-43-9409,Грузовой,22:03,15:26,615,615
616,793-38-7751,Грузовой,7:52,5:17,616,616
617,351-80-5236,Грузовой,22:21,9:23,617,617
618,531-70-0923,Пассажирский,0:05,4:53,618,618
619,202-11-5570,Грузовой,16:25,19:54,619,619
620,263-49-2341,Грузовой,3:20,5:33,620,620
621,782-62-5686,Пассажирский,14:05,8:16,621,621
622,889-61-4211,Грузовой,11:30,9:13,622,622
623,828-55-0148,Пассажирский,16:01,12:32,623,623
624,177-10-7961,Пассажирский,6:09,15:48,624,624
625,887-75-4047,Грузовой,13:49,3:42,625,625
626,442-22-9612,Пассажирский,22:36,11:00,626,626
627,601-13-7651,Пассажирский,11:21,21:02,627,627
628,824-58-3354,Пассажирский,3:09,15:23,628,628
629,239-03-3411,Пассажирский,13:18,14:05,629,629
630,337-19-2227,Пассажирский,15:03,5:23,630,630
631,676-63-2643,Пассажирский,14:37,23:27,631,631
632,891-97-4273,Грузовой,22:49,20:49,632,632
633,465-44-8311,Грузовой,9:40,16:45,633,633
634,795-79-1360,Грузовой,17:55,2:12,634,634
635,189-42-5300,Грузовой,17:08,20:58,635,635
636,356-94-3243,Пассажирский,19:00,16:30,636,636
637,659-72-4482,Грузовой,21:20,19:43,637,637
638,131-96-8595,Пассажирский,13:09,15:23,638,638
639,316-42-4569,Пассажирский,3:21,5:50,639,639
640,324-23-8436,Пассажирский,6:48,13:22,640,640
641,804-67-1152,Грузовой,19:14,4:45,641,641
642,324-19-3790,Пассажирский,19:32,14:35,642,642
643,375-09-3833,Пассажирский,12:44,22:38,643,643
644,850-75-6390,Грузовой,18:47,23:18,644,644
645,888-03-5118,Грузовой,4:18,10:42,645,645
646,793-21-0471,Грузовой,17:09,4:41,646,646
647,751-41-9954,Грузовой,3:39,12:40,647,647
648,221-63-2256,Грузовой,7:49,3:11,648,648
649,109-51-0972,Пассажирский,2:48,6:19,649,649
650,161-97-8325,Грузовой,14:30,16:53,650,650
651,815-46-6660,Пассажирский,10:32,14:04,651,651
652,843-29-1057,Грузовой,18:41,20:42,652,652
653,475-07-6679,Пассажирский,6:18,17:32,653,653
654,581-93-8722,Грузовой,1:24,10:36,654,654
655,315-91-3379,Пассажирский,1:39,21:23,655,655
656,456-17-0411,Пассажирский,9:12,12:12,656,656
657,305-24-2610,Пассажирский,18:27,17:39,657,657
658,312-96-8005,Грузовой,23:42,16:44,658,658
659,817-35-2197,Пассажирский,20:01,23:16,659,659
660,680-93-6257,Пассажирский,2:21,1:02,660,660
661,184-29-2232,Грузовой,4:44,23:17,661,661
662,460-76-2389,Пассажирский,20:33,8:05,662,662
663,652-85-2360,Грузовой,22:46,11:50,663,663
664,433-07-6948,Грузовой,5:28,4:11,664,664
665,532-58-6272,Пассажирский,15:14,22:44,665,665
666,569-03-6309,Пассажирский,17:28,17:28,666,666
667,738-84-8174,Грузовой,19:12,6:12,667,667
668,837-95-1870,Грузовой,20:26,10:56,668,668
669,158-34-9070,Грузовой,12:29,20:55,669,669
670,519-31-0845,Пассажирский,6:25,18:37,670,670
671,775-18-8486,Пассажирский,18:32,23:45,671,671
672,690-09-4065,Пассажирский,22:35,22:30,672,672
673,741-48-8130,Пассажирский,9:13,17:47,673,673
674,744-11-4949,Грузовой,8:45,17:33,674,674
675,310-86-7373,Грузовой,23:25,19:02,675,675
676,533-14-2813,Пассажирский,15:47,15:37,676,676
677,280-23-7469,Грузовой,9:23,13:51,677,677
678,469-36-1801,Пассажирский,11:09,10:57,678,678
679,733-04-4199,Пассажирский,2:10,19:48,679,679
680,664-88-5618,Грузовой,21:36,8:26,680,680
681,696-22-4123,Пассажирский,1:12,3:42,681,681
682,296-18-8806,Пассажирский,12:45,20:48,682,682
683,373-62-3504,Пассажирский,7:59,1:42,683,683
684,838-09-4657,Грузовой,12:25,17:48,684,684
685,717-64-2415,Грузовой,19:24,17:24,685,685
686,742-24-3699,Грузовой,5:45,18:36,686,686
687,353-16-6956,Пассажирский,3:32,1:49,687,687
688,815-45-8899,Грузовой,2:43,19:16,688,688
689,366-70-1681,Пассажирский,0:05,12:30,689,689
690,315-46-0556,Пассажирский,8:50,0:40,690,690
691,669-20-5230,Грузовой,23:04,23:29,691,691
692,154-06-2337,Грузовой,6:35,3:47,692,692
693,764-31-4551,Грузовой,0:27,20:18,693,693
694,707-73-4958,Грузовой,13:11,3:06,694,694
695,348-52-6485,Пассажирский,16:34,5:43,695,695
696,132-69-7193,Пассажирский,2:27,2:35,696,696
697,350-20-6389,Пассажирский,2:27,7:38,697,697
698,235-18-4964,Грузовой,9:06,18:18,698,698
699,201-21-0437,Грузовой,4:10,10:31,699,699
700,439-78-4950,Грузовой,12:22,22:21,700,700
701,736-57-3694,Пассажирский,20:30,1:18,701,701
702,301-13-9428,Пассажирский,17:54,2:31,702,702
703,145-34-8921,Грузовой,15:24,8:13,703,703
704,677-50-2243,Грузовой,6:02,13:18,704,704
705,235-08-3062,Грузовой,6:57,18:01,705,705
706,246-15-9193,Грузовой,16:21,23:11,706,706
707,677-61-0748,Пассажирский,8:13,0:32,707,707
708,120-34-5919,Грузовой,5:58,0:51,708,708
709,293-62-8306,Грузовой,14:34,12:05,709,709
710,671-05-2858,Грузовой,2:41,16:13,710,710
711,605-74-3588,Пассажирский,6:30,18:53,711,711
712,249-46-3437,Пассажирский,21:54,1:12,712,712
713,878-86-1608,Пассажирский,0:26,22:11,713,713
714,640-02-9246,Пассажирский,20:02,13:41,714,714
715,102-06-8900,Грузовой,11:09,11:08,715,715
716,187-34-2188,Грузовой,17:08,22:44,716,716
717,849-50-7163,Грузовой,16:35,5:00,717,717
718,415-81-5263,Пассажирский,0:29,3:12,718,718
719,572-46-5955,Пассажирский,18:42,15:18,719,719
720,182-55-4473,Пассажирский,4:17,20:48,720,720
721,259-08-7035,Грузовой,22:07,2:09,721,721
722,362-67-8623,Грузовой,20:09,7:36,722,722
723,753-72-3459,Пассажирский,18:28,12:00,723,723
724,346-54-0547,Грузовой,1:16,2:54,724,724
725,802-67-4339,Пассажирский,9:08,14:00,725,725
726,309-13-6880,Грузовой,17:04,7:03,726,726
727,407-03-6915,Грузовой,8:02,2:48,727,727
728,631-40-5426,Пассажирский,14:19,2:30,728,728
729,612-57-0687,Пассажирский,11:12,1:30,729,729
730,891-35-6979,Грузовой,17:29,22:07,730,730
731,605-14-5228,Пассажирский,13:04,16:24,731,731
732,768-43-2367,Грузовой,15:27,2:45,732,732
733,837-62-5584,Грузовой,9:10,18:50,733,733
734,548-53-6272,Пассажирский,14:31,11:56,734,734
735,239-35-0897,Пассажирский,3:18,16:42,735,735
736,308-78-8295,Пассажирский,6:55,17:53,736,736
737,404-47-9159,Грузовой,13:40,17:16,737,737
738,510-77-5701,Грузовой,7:10,13:18,738,738
739,284-40-8504,Грузовой,5:00,8:07,739,739
740,623-01-1458,Пассажирский,23:46,3:44,740,740
741,805-86-1353,Грузовой,20:45,5:56,741,741
742,235-25-9634,Грузовой,5:55,3:43,742,742
743,760-04-5541,Грузовой,18:14,22:09,743,743
744,499-61-2228,Грузовой,20:48,19:56,744,744
745,774-49-2624,Грузовой,19:45,13:05,745,745
746,125-15-1245,Пассажирский,17:08,6:08,746,746
747,893-90-3617,Грузовой,0:09,0:48,747,747
748,206-82-6506,Грузовой,5:15,16:30,748,748
749,322-10-9077,Пассажирский,13:37,16:25,749,749
750,562-63-8586,Грузовой,16:24,19:48,750,750
751,212-20-6536,Пассажирский,22:10,1:48,751,751
752,371-80-3895,Грузовой,15:16,18:23,752,752
753,237-20-2316,Грузовой,9:48,17:08,753,753
754,716-53-4655,Пассажирский,14:48,17:05,754,754
755,661-38-4816,Пассажирский,11:49,23:09,755,755
756,561-66-8389,Грузовой,10:59,1:23,756,756
757,777-40-3927,Грузовой,15:10,0:56,757,757
758,191-78-8427,Пассажирский,19:29,0:33,758,758
759,192-05-6290,Грузовой,19:49,20:43,759,759
760,352-57-9485,Пассажирский,20:34,12:22,760,760
761,101-22-0725,Грузовой,4:31,6:52,761,761
762,119-18-7937,Грузовой,7:38,16:48,762,762
763,533-40-3666,Пассажирский,14:39,17:21,763,763
764,383-53-5004,Грузовой,1:22,15:25,764,764
765,882-35-5892,Грузовой,0:26,10:56,765,765
766,173-93-0991,Пассажирский,14:03,23:52,766,766
767,379-39-3822,Грузовой,14:39,23:05,767,767
768,218-65-7909,Грузовой,19:01,1:06,768,768
769,247-97-8142,Пассажирский,23:20,12:34,769,769
770,858-57-7873,Пассажирский,8:32,0:18,770,770
771,311-41-0920,Пассажирский,14:30,8:42,771,771
772,340-93-7780,Пассажирский,13:10,18:45,772,772
773,206-97-1453,Грузовой,1:10,21:03,773,773
774,612-61-8689,Пассажирский,15:43,8:01,774,774
775,558-29-2157,Грузовой,4:31,18:13,775,775
776,101-30-5442,Грузовой,1:09,21:51,776,776
777,621-19-8557,Грузовой,0:07,14:40,777,777
778,802-36-2627,Грузовой,21:59,7:09,778,778
779,252-22-3058,Грузовой,10:49,14:11,779,779
780,856-30-5094,Пассажирский,3:06,20:07,780,780
781,644-15-9522,Пассажирский,9:32,7:25,781,781
782,475-16-6886,Грузовой,17:09,9:02,782,782
783,469-81-7662,Пассажирский,0:18,5:25,783,783
784,718-39-4299,Пассажирский,17:33,20:44,784,784
785,842-41-9439,Грузовой,20:06,21:42,785,785
786,595-30-2783,Грузовой,16:16,20:06,786,786
787,752-25-8566,Пассажирский,20:56,8:56,787,787
788,101-02-1464,Грузовой,10:11,22:40,788,788
789,741-61-7370,Грузовой,1:54,15:44,789,789
790,625-53-6581,Грузовой,9:17,3:01,790,790
791,257-48-3642,Грузовой,8:15,15:28,791,791
792,816-64-5006,Грузовой,11:17,19:20,792,792
793,249-90-1905,Пассажирский,13:48,15:21,793,793
794,884-07-2761,Грузовой,10:19,0:07,794,794
795,362-08-2922,Пассажирский,15:11,2:50,795,795
796,268-83-7074,Пассажирский,23:25,11:12,796,796
797,251-72-2377,Пассажирский,3:56,10:02,797,797
798,576-70-9624,Пассажирский,8:31,17:37,798,798
799,180-96-3546,Грузовой,17:40,19:19,799,799
800,498-61-2296,Грузовой,13:07,5:47,800,800
801,101-80-0910,Пассажирский,17:16,20:32,801,801
802,113-02-8630,Грузовой,10:47,22:27,802,802
803,308-67-0217,Грузовой,21:16,5:31,803,803
804,890-97-7464,Пассажирский,3:31,22:57,804,804
805,589-28-9969,Грузовой,19:59,4:38,805,805
806,224-60-1807,Пассажирский,4:43,10:30,806,806
807,805-01-7643,Грузовой,19:13,1:02,807,807
808,452-08-5685,Грузовой,9:29,18:30,808,808
809,272-28-3440,Грузовой,19:59,8:47,809,809
810,630-78-5614,Грузовой,2:59,4:08,810,810
811,663-70-1656,Пассажирский,12:14,13:33,811,811
812,182-79-3727,Грузовой,18:11,6:38,812,812
813,195-68-7101,Грузовой,15:35,5:42,813,813
814,527-92-8331,Пассажирский,8:01,14:59,814,814
815,574-43-5260,Пассажирский,9:39,17:01,815,815
816,314-92-6265,Пассажирский,17:27,14:21,816,816
817,470-68-4176,Грузовой,19:04,1:31,817,817
818,836-70-3100,Пассажирский,11:01,8:13,818,818
819,189-41-5730,Пассажирский,6:18,20:30,819,819
820,597-70-4465,Грузовой,21:31,18:51,820,820
821,179-78-7588,Грузовой,14:41,17:33,821,821
822,535-14-5855,Грузовой,23:09,11:37,822,822
823,157-53-3636,Грузовой,12:20,19:21,823,823
824,117-08-6398,Пассажирский,20:54,18:26,824,824
825,133-54-0106,Грузовой,16:14,3:49,825,825
826,597-21-2950,Грузовой,15:00,2:39,826,826
827,454-08-1695,Грузовой,7:51,20:48,827,827
828,560-11-6004,Грузовой,9:53,5:59,828,828
829,544-73-5452,Пассажирский,8:08,20:59,829,829
830,391-73-2679,Грузовой,8:49,6:49,830,830
831,813-03-2755,Грузовой,23:36,6:09,831,831
832,396-26-5194,Пассажирский,11:21,2:01,832,832
833,326-97-2730,Пассажирский,1:07,22:46,833,833
834,173-70-5296,Грузовой,2:52,7:59,834,834
835,788-27-0304,Грузовой,9:48,16:42,835,835
836,547-42-9996,Грузовой,0:06,6:21,836,836
837,131-18-8173,Пассажирский,17:23,14:32,837,837
838,561-89-5820,Грузовой,3:50,15:40,838,838
839,113-18-7109,Грузовой,0:34,16:59,839,839
840,233-88-0648,Грузовой,8:21,21:44,840,840
841,555-28-9248,Грузовой,12:38,23:46,841,841
842,282-24-9575,Грузовой,8:09,0:54,842,842
843,482-11-7584,Пассажирский,21:31,18:58,843,843
844,433-10-0086,Пассажирский,2:15,20:16,844,844
845,724-24-2370,Пассажирский,1:20,19:24,845,845
846,731-04-3985,Пассажирский,5:16,0:33,846,846
847,516-16-4496,Пассажирский,8:53,15:16,847,847
848,361-89-4962,Грузовой,19:08,3:27,848,848
849,336-36-7276,Пассажирский,8:19,22:59,849,849
850,609-55-8162,Грузовой,7:23,16:17,850,850
851,598-87-4115,Пассажирский,12:26,2:19,851,851
852,159-95-7127,Грузовой,13:54,18:06,852,852
853,373-84-4394,Грузовой,21:44,17:21,853,853
854,703-26-4720,Грузовой,10:08,14:26,854,854
855,163-48-4298,Грузовой,19:00,1:37,855,855
856,792-93-5357,Грузовой,3:06,0:44,856,856
857,898-94-2310,Пассажирский,3:50,9:53,857,857
858,346-34-0707,Пассажирский,3:07,11:09,858,858
859,805-79-8257,Грузовой,14:27,6:42,859,859
860,244-33-3053,Грузовой,8:40,1:03,860,860
861,510-41-0604,Пассажирский,4:01,12:09,861,861
862,891-44-6593,Пассажирский,14:27,13:00,862,862
863,845-24-3426,Пассажирский,17:38,9:07,863,863
864,825-79-7232,Грузовой,20:54,18:31,864,864
865,106-35-5196,Пассажирский,9:14,0:25,865,865
866,155-84-3362,Пассажирский,12:17,13:07,866,866
867,270-12-4081,Пассажирский,22:29,2:20,867,867
868,794-98-8183,Грузовой,1:20,15:31,868,868
869,494-38-9859,Грузовой,15:50,20:44,869,869
870,282-64-4320,Пассажирский,19:35,23:22,870,870
871,667-15-6814,Пассажирский,13:21,20:25,871,871
872,244-47-5921,Пассажирский,7:12,6:32,872,872
873,460-51-2779,Грузовой,1:53,3:59,873,873
874,119-06-5700,Грузовой,1:59,23:27,874,874
875,754-16-3733,Грузовой,19:05,3:40,875,875
876,838-78-4608,Грузовой,3:58,12:11,876,876
877,595-37-5172,Грузовой,18:58,0:08,877,877
878,700-68-6510,Пассажирский,9:53,13:31,878,878
879,725-61-1162,Грузовой,0:20,22:22,879,879
880,885-70-7151,Грузовой,14:28,14:57,880,880
881,682-21-0452,Грузовой,9:16,7:17,881,881
882,285-48-6556,Грузовой,21:26,11:24,882,882
883,558-09-0224,Пассажирский,0:14,14:06,883,883
884,309-20-4819,Пассажирский,11:02,17:03,884,884
885,808-96-2651,Пассажирский,13:43,19:32,885,885
886,611-13-5806,Грузовой,19:57,23:05,886,886
887,498-25-1989,Пассажирский,1:34,17:42,887,887
888,367-37-2759,Пассажирский,18:21,14:35,888,888
889,256-27-0337,Пассажирский,11:47,9:26,889,889
890,821-28-6850,Грузовой,14:58,19:09,890,890
891,226-84-7179,Пассажирский,5:47,6:02,891,891
892,663-26-8214,Грузовой,14:46,11:54,892,892
893,853-13-0623,Пассажирский,14:43,15:36,893,893
894,640-64-4196,Пассажирский,16:55,12:50,894,894
895,288-44-8445,Грузовой,22:42,8:13,895,895
896,330-75-5320,Пассажирский,8:53,17:31,896,896
897,588-32-5759,Грузовой,0:08,2:29,897,897
898,205-03-3838,Пассажирский,3:57,16:26,898,898
899,340-77-7849,Грузовой,0:24,5:16,899,899
900,656-51-6600,Пассажирский,0:28,20:46,900,900
901,378-03-3972,Пассажирский,10:11,9:29,901,901
902,494-98-0591,Грузовой,1:05,9:37,902,902
903,490-93-4226,Грузовой,7:30,8:06,903,903
904,485-13-3873,Грузовой,21:13,3:36,904,904
905,427-44-4579,Пассажирский,19:55,20:47,905,905
906,476-92-9777,Пассажирский,14:00,2:08,906,906
907,363-59-3814,Грузовой,20:12,3:01,907,907
908,541-99-2165,Грузовой,0:37,12:01,908,908
909,392-41-6977,Пассажирский,8:15,1:22,909,909
910,768-93-7242,Грузовой,8:37,8:20,910,910
911,856-42-9988,Грузовой,21:08,16:46,911,911
912,422-46-3430,Пассажирский,14:07,10:46,912,912
913,370-75-0360,Грузовой,3:00,13:34,913,913
914,218-07-3898,Грузовой,10:41,16:09,914,914
915,857-26-1023,Пассажирский,23:48,7:58,915,915
916,190-99-3777,Пассажирский,7:45,17:32,916,916
917,692-98-5428,Пассажирский,1:31,20:15,917,917
918,428-06-5877,Грузовой,23:57,13:53,918,918
919,300-42-2362,Грузовой,7:09,15:43,919,919
920,676-75-9669,Пассажирский,3:51,18:16,920,920
921,791-10-6455,Пассажирский,0:14,15:19,921,921
922,480-60-6113,Грузовой,14:45,21:01,922,922
923,157-86-6674,Пассажирский,8:26,3:32,923,923
924,267-37-6198,Пассажирский,0:20,9:54,924,924
925,834-16-7201,Грузовой,17:32,1:29,925,925
926,282-89-6439,Грузовой,23:42,18:20,926,926
927,130-26-9387,Грузовой,1:26,11:30,927,927
928,238-85-3973,Пассажирский,22:56,23:46,928,928
929,383-04-8406,Пассажирский,4:51,4:16,929,929
930,604-60-5480,Пассажирский,0:52,12:19,930,930
931,511-80-1367,Пассажирский,2:03,13:09,931,931
932,534-36-9343,Пассажирский,8:19,16:28,932,932
933,705-81-4734,Пассажирский,5:20,7:27,933,933
934,867-24-2852,Грузовой,4:19,12:10,934,934
935,860-07-9713,Пассажирский,23:03,5:30,935,935
936,855-33-3510,Пассажирский,4:24,20:10,936,936
937,788-31-3495,Грузовой,0:46,5:09,937,937
938,671-26-9957,Пассажирский,19:58,18:17,938,938
939,631-78-6023,Грузовой,4:08,22:26,939,939
940,780-97-7719,Грузовой,4:49,18:03,940,940
941,126-90-8430,Грузовой,11:00,21:40,941,941
942,441-08-1828,Пассажирский,23:33,5:57,942,942
943,561-60-2076,Пассажирский,20:57,14:52,943,943
944,511-11-3895,Грузовой,8:57,17:21,944,944
945,300-80-9719,Пассажирский,11:23,9:22,945,945
946,522-03-6922,Пассажирский,19:09,7:28,946,946
947,592-99-2288,Пассажирский,21:18,12:20,947,947
948,556-78-0571,Грузовой,1:16,18:57,948,948
949,546-12-0125,Грузовой,17:26,11:27,949,949
950,517-29-3932,Пассажирский,4:35,10:47,950,950
951,188-42-8886,Пассажирский,18:27,13:03,951,951
952,746-80-2474,Грузовой,12:08,23:15,952,952
953,456-43-3584,Грузовой,19:41,4:35,953,953
954,465-77-2016,Пассажирский,9:08,21:26,954,954
955,283-54-5493,Пассажирский,6:46,3:35,955,955
956,265-09-0169,Грузовой,11:44,18:27,956,956
957,401-45-3439,Пассажирский,23:04,13:05,957,957
958,779-66-0756,Грузовой,22:13,20:34,958,958
959,878-29-9628,Грузовой,6:45,4:25,959,959
960,689-81-4995,Пассажирский,20:19,12:10,960,960
961,101-53-8512,Грузовой,12:08,23:16,961,961
962,490-69-1040,Грузовой,7:02,16:23,962,962
963,133-24-0234,Пассажирский,4:23,22:46,963,963
964,384-54-1378,Пассажирский,22:38,0:03,964,964
965,706-83-7396,Пассажирский,9:17,19:15,965,965
966,340-58-0834,Пассажирский,12:16,18:44,966,966
967,507-53-0659,Грузовой,13:08,20:31,967,967
968,237-20-9205,Пассажирский,13:00,7:17,968,968
969,127-54-2620,Грузовой,21:40,10:41,969,969
970,509-13-2931,Грузовой,9:33,20:01,970,970
971,869-52-2640,Пассажирский,5:02,1:37,971,971
972,887-82-4492,Грузовой,13:56,3:25,972,972
973,518-66-8122,Пассажирский,3:38,8:29,973,973
974,384-44-3124,Пассажирский,4:33,9:29,974,974
975,360-22-7371,Пассажирский,13:37,10:25,975,975
976,471-53-3761,Грузовой,20:47,19:30,976,976
977,185-42-3994,Грузовой,13:30,13:38,977,977
978,840-99-7290,Пассажирский,7:56,21:03,978,978
979,717-53-4826,Грузовой,23:04,2:18,979,979
980,263-01-0896,Грузовой,0:30,16:34,980,980
981,502-11-1943,Пассажирский,4:34,23:34,981,981
982,556-26-8161,Грузовой,15:57,12:45,982,982
983,110-76-0956,Пассажирский,20:18,7:31,983,983
984,431-65-3794,Пассажирский,12:01,8:02,984,984
985,517-27-4932,Пассажирский,0:11,0:22,985,985
986,681-87-6489,Пассажирский,5:29,3:51,986,986
987,825-77-6070,Пассажирский,12:06,19:08,987,987
988,437-44-4862,Пассажирский,23:16,0:37,988,988
989,295-61-9374,Грузовой,6:59,4:28,989,989
990,523-53-7043,Пассажирский,13:14,15:44,990,990
991,139-14-6014,Пассажирский,17:24,2:32,991,991
992,638-26-5385,Пассажирский,9:06,5:39,992,992
993,187-43-9584,Пассажирский,6:57,18:45,993,993
994,820-58-9659,Пассажирский,13:49,16:14,994,994
995,759-85-6504,Грузовой,6:31,16:10,995,995
996,596-65-2508,Пассажирский,10:59,12:38,996,996
997,438-37-1744,Пассажирский,8:45,16:31,997,997
998,497-18-1751,Пассажирский,5:03,23:54,998,998
999,417-17-6588,Грузовой,14:13,12:11,999,999
1000,137-95-9266,Пассажирский,18:32,12:42,1000,1000
