id,Номер,Стоимость,Информация о Пассажире,Посадочное место,id_Flight,id_Passenger
1,3604253388711,35649,Balduin McKeveney,#1e2,1,1
2,1186647245959,90318,Ileana Irwin,#863,2,2
3,9244874354915,91346,Gerti Copplestone,#f57,3,3
4,6107292256975,60377,Helenka Heine,#32e,4,4
5,5403454031957,15922,Garald Kikke,#82c,5,5
6,5666430376577,15677,Janis Coppenhall,#224,6,6
7,9522340184789,23420,Cristian McAnellye,#890,7,7
8,4784160756034,40303,Margette Rouchy,#ef4,8,8
9,3361450158464,51076,Timmy Parsall,#565,9,9
10,6826089619444,68992,Rowney Bourgeois,#161,10,10
11,6559447866241,26959,Ailsun Rentz,#388,11,11
12,7737335216514,27165,Ellynn Rigler,#279,12,12
13,8837610700456,44297,Simon Roo,#552,13,13
14,2766774578426,64998,Shara Leithgoe,#128,14,14
15,4051995529955,46467,Ches Jestico,#9f8,15,15
16,7999547528856,21039,Rebe Winsom,#be6,16,16
17,8410729172827,25158,Glenda Speirs,#d6c,17,17
18,2785938960401,104678,Timoteo Lynch,#a83,18,18
19,8102390508127,25096,Collete Flecknell,#01d,19,19
20,4008449705660,118657,Ruddie Young,#11e,20,20
21,8760772746639,67806,Jaquenette Logsdale,#33d,21,21
22,5716326211054,103169,Sidonnie Ruslen,#fe5,22,22
23,2511196285673,24174,Hogan Dartnell,#758,23,23
24,9134146780005,39461,Bourke Ledrane,#68f,24,24
25,7662462752248,63730,Asher Sturdy,#42b,25,25
26,3108758860945,23798,Giuditta Morrowe,#c08,26,26
27,1057544490958,98333,Mikey Brumham,#566,27,27
28,5664427091132,62578,Halli Walliker,#002,28,28
29,7402433058215,95628,Fabio Deam,#48e,29,29
30,8118275298565,20074,Danika Milland,#e13,30,30
31,9500168027773,26033,Ignacio Garfit,#1cf,31,31
32,1995356594113,50096,Seumas McAlindon,#fe9,32,32
33,8807358861323,102248,Lexine Benting,#a09,33,33
34,2880926522244,118961,Darrel Capaldi,#863,34,34
35,6389390352251,40586,Boniface Kulver,#e90,35,35
36,6009944197874,8867,Max Stapele,#cf0,36,36
37,8719334052964,115902,Arlana Sherrington,#024,37,37
38,4608580181680,29401,Giorgia Mabbett,#160,38,38
39,5712109496256,47145,Deane De Matteis,#9ce,39,39
40,9958235723697,53920,Loraine Jenking,#c5e,40,40
41,6589556034139,84372,Paolina Hawking,#48e,41,41
42,7059242591494,82477,Cristiano Cabrera,#50d,42,42
43,8243302642316,34808,Billie Hardern,#d9a,43,43
44,8668452867094,118086,Meta Wolfenden,#722,44,44
45,1067752655170,61098,Reggis Tilbey,#e53,45,45
46,8768426308809,102777,Aurelie Budden,#82b,46,46
47,1101614088433,108443,Fernande Allsup,#9e2,47,47
48,8164927605772,40882,Cathie Scrivinor,#efb,48,48
49,9487153394834,59176,Bartolomeo Elden,#b06,49,49
50,5579963345484,62315,Wylie Bolstridge,#75b,50,50
51,6218203213605,36587,Berte Betke,#484,51,51
52,7253478006012,107059,Latia Kennaway,#8a2,52,52
53,2560464969033,93000,Artie Rubinsaft,#774,53,53
54,9037719778844,14079,Fidela Gorry,#139,54,54
55,3784974556971,12795,Letty Coton,#2cf,55,55
56,4500122004469,34821,Charley Glander,#319,56,56
57,9940321678219,32697,Thebault Baccas,#4eb,57,57
58,3372509517436,115954,Mandy Applegate,#c7a,58,58
59,8575235717406,4149,Jehu Leighton,#293,59,59
60,8235279327637,106839,Wilma Blumson,#ab4,60,60
61,8131954829825,113817,Arliene Roz,#473,61,61
62,7869007297762,47455,Griffin Sein,#779,62,62
63,3818970880903,64675,Tymothy Stuttman,#e7d,63,63
64,9936533213448,83798,Jori Penwell,#ec9,64,64
65,7219581327768,108978,Nonie Swatman,#67e,65,65
66,2180761084226,93529,Marie-jeanne De Francisci,#ef2,66,66
67,9012727840484,17598,Katerine Turley,#c35,67,67
68,9948977913363,104968,Allys Fuge,#a91,68,68
69,9027865982181,84746,Lorne Wace,#41e,69,69
70,5516441354557,69626,Phil Henmarsh,#a37,70,70
71,3969465095450,30101,Jephthah Runchman,#247,71,71
72,6455141973419,48509,Beck Belf,#ffb,72,72
73,3609338650700,41526,Gardner Thorrington,#9cc,73,73
74,6660230156041,88473,Josiah Boulds,#233,74,74
75,9060511755280,37229,Dmitri Orrin,#a13,75,75
76,7052351110494,45472,Hugues Maletratt,#8eb,76,76
77,3010582629206,46619,Nissa Toping,#994,77,77
78,8387492577168,39134,Micheal Gostall,#a4c,78,78
79,5944616342638,56461,Dorris Schellig,#651,79,79
80,8452022603066,68740,Jenifer Guyonnet,#10d,80,80
81,9951782901123,63939,Mohammed Sargant,#a6a,81,81
82,7692274995401,112871,Adolphe McCullum,#581,82,82
83,4392262936884,86711,Martguerita Minichillo,#1ba,83,83
84,7321071107662,61625,Martie Hinemoor,#486,84,84
85,4535887487645,105667,Dalila Duckham,#054,85,85
86,2493897288287,91759,Cleveland Chubb,#aca,86,86
87,8646796011983,103992,Fayette Steel,#269,87,87
88,7068280872362,101941,Ethelyn Bessey,#805,88,88
89,5251951815045,105146,Chastity Woodier,#255,89,89
90,1607218560019,85627,Putnem Crossingham,#b5f,90,90
91,9331439232823,64418,Etta Camidge,#834,91,91
92,4952913477242,21789,Dew Withrington,#39e,92,92
93,9288298223564,37668,Hildy Arnould,#3dd,93,93
94,9667661328658,77396,Rozamond Shaxby,#5d0,94,94
95,3113841065902,66306,Serene Tejada,#105,95,95
96,3785633840691,87475,Avery Borton,#410,96,96
97,7919364619126,4254,Prince Speek,#75a,97,97
98,7887919414862,90541,Mora Legerwood,#769,98,98
99,6550067008974,53498,Alden Dessent,#d1f,99,99
100,5549456375074,18646,Anne Frean,#caf,100,100
101,3466472881556,27071,Christiano Rudram,#839,101,101
102,3063941162431,41916,Kriste Weerdenburg,#788,102,102
103,6559114190014,115917,Miller McNiff,#46a,103,103
104,5577338253242,8475,Cordula Reinhard,#590,104,104
105,9738691130856,113437,Rogerio Piegrome,#8c2,105,105
106,3044501048642,57172,Elke Rodbourne,#ff3,106,106
107,8491027339412,17725,Maggie Wimpenny,#030,107,107
108,1720077263769,64794,Nicol Siddons,#158,108,108
109,9108038737395,108535,Mary MacBean,#b65,109,109
110,6731007570083,75436,Elsbeth Chilley,#c98,110,110
111,8329637738265,115998,Teddy Offiler,#2fe,111,111
112,9040659459165,85090,Derwin Woolmore,#5be,112,112
113,6925370603112,39135,Tracey Rockcliffe,#b45,113,113
114,2631334731879,73535,Phillie Tankus,#19e,114,114
115,5845015954158,96682,Clayborn Boffin,#a2b,115,115
116,1140783192548,12271,Zacharias Vickors,#22e,116,116
117,1661727907881,45402,Kelsey Hirthe,#deb,117,117
118,1176098668730,38575,Tedra Wahlberg,#76a,118,118
119,7582137252148,115207,Tammie Fausch,#c8a,119,119
120,4279469438171,110590,Jaymie Kilduff,#df2,120,120
121,1044424584984,115933,Doroteya Rabb,#240,121,121
122,1588799922057,95357,Rosabella Bamb,#6b1,122,122
123,1888953534502,29058,Emelina Blakeston,#ad9,123,123
124,5716479075722,94995,Ryann Powder,#3b0,124,124
125,4932449406724,111418,Miran Jaray,#763,125,125
126,8096258692658,5772,Conrad Skitral,#922,126,126
127,4450153096862,110407,Marybelle Brickhill,#0a0,127,127
128,5667439736113,31781,Jenine Wellum,#c4f,128,128
129,3622493707141,114693,Goldarina Stelljes,#36f,129,129
130,3053479837417,80752,Annabal Train,#6f7,130,130
131,9144929235784,39216,Cletis Spreadbury,#1b7,131,131
132,1301701333457,86980,Gwenette Stickles,#589,132,132
133,1049291435470,54540,Ferguson Hexam,#ced,133,133
134,5673222503629,11983,Mandel Ricardou,#8f4,134,134
135,3842237780056,25520,Justis Spears,#d8c,135,135
136,5181291325823,98937,Harmon Chicotti,#821,136,136
137,1109617411965,62661,Chanda Caldroni,#326,137,137
138,5063016512311,45104,Shirley Brands,#35d,138,138
139,3230145413160,40875,Lula Prestney,#311,139,139
140,3886571075103,47904,Dewey Denziloe,#beb,140,140
141,7774357975698,109375,Timofei Kearns,#de6,141,141
142,2592392017253,18154,Thatch Drysdall,#068,142,142
143,8709310648114,29075,Randie Nettles,#dcb,143,143
144,2257275755428,66693,Amabelle Spurrior,#aef,144,144
145,3736388267518,51417,Kevan Luxmoore,#331,145,145
146,8337880294782,115533,Verina Doerr,#344,146,146
147,7166791219970,52308,Isador Crotch,#f2f,147,147
148,6650985481905,79272,Tiebout Quoit,#f09,148,148
149,3316791875083,63356,Kelly St. Paul,#312,149,149
150,4995364218432,35918,Ernesta Dessent,#9c8,150,150
151,2455298374651,74994,Michelina Lathey,#069,151,151
152,1431223771615,50732,Margalit Sirman,#c50,152,152
153,6641915533641,84750,Gracia Arro,#e79,153,153
154,5473537459432,37269,Janeen Cromb,#2dc,154,154
155,1732202363252,50145,Arturo Tracy,#37b,155,155
156,6728180148631,12580,Guillermo Twelvetrees,#368,156,156
157,3683467152125,75211,Ilario Niece,#3e6,157,157
158,1118135475954,101034,Towny Leat,#72b,158,158
159,9939624586831,29412,Auroora Cash,#c0c,159,159
160,1148074592838,108900,Laney Quiddington,#bbb,160,160
161,4716664519984,31837,Rad Hunnywell,#b35,161,161
162,9398741794768,66368,Kilian Legan,#7f0,162,162
163,2506847787968,19048,Brigitte Ludlamme,#470,163,163
164,4155129438285,72230,Cinderella McClymont,#b6e,164,164
165,1526393600576,35017,Bev McCloch,#1e0,165,165
166,7302150412242,89511,Kailey Culley,#599,166,166
167,8919217606059,25403,Alix Wolfarth,#824,167,167
168,1998935560576,45844,Sabina Burnham,#b75,168,168
169,4651462005293,24993,Ailene Ivett,#a9a,169,169
170,5658955204375,18094,Colan Fochs,#2a4,170,170
171,9760277515144,4293,Robinia St. Quintin,#714,171,171
172,6790812944606,12245,Nessie Wehnerr,#dfa,172,172
173,9174319483101,22315,Burg McCarter,#bc5,173,173
174,6703422714499,71985,Normie Symcox,#8e4,174,174
175,7692267341435,43991,Dunc Luckhurst,#179,175,175
176,7221817888282,66063,Alina Hynde,#c04,176,176
177,3970831944541,4177,Noak Hoble,#3eb,177,177
178,8129248572538,104794,Brena Alfonsetto,#8e9,178,178
179,1608253200910,99226,Hasty Maceur,#004,179,179
180,5404776217813,15270,Dottie Saxon,#3b8,180,180
181,6262286438661,89506,Cathrin Ilchuk,#d49,181,181
182,2863383848274,118963,Euell Dreger,#726,182,182
183,8160446427152,28552,Sigismondo Colleford,#249,183,183
184,5093631057332,81320,Seymour Dubber,#fa9,184,184
185,4564596119705,59165,Adey Worden,#dd5,185,185
186,5398499201132,35080,Fina Matusov,#f9b,186,186
187,2823103000828,38382,Gertrudis Smewin,#c8c,187,187
188,7834926816191,91423,Johnette Corkan,#32f,188,188
189,5047508832591,85747,Lorrie Portis,#f7b,189,189
190,5681175239733,23020,Lowe Dominici,#f24,190,190
191,4859163975080,21604,Doug Whymark,#f41,191,191
192,2520593331226,40683,Royall Vlasyuk,#3e6,192,192
193,9466111882262,90016,Maia Giacoppoli,#6d6,193,193
194,5084015609966,39420,Lorena Colleer,#495,194,194
195,2802351072019,91483,Greggory Brickett,#bf0,195,195
196,2847494189729,85166,Kaylee Eisak,#28f,196,196
197,5608779725958,37720,Lawrence Jacson,#561,197,197
198,4689324235535,56756,Claudette Aguirre,#347,198,198
199,1159286065260,39153,Taddeusz Indge,#6f6,199,199
200,8441417219989,66392,Claudia Augustine,#908,200,200
201,2126402784170,31657,Morly Eakens,#447,201,201
202,8153051601703,81361,Philip Metson,#037,202,202
203,7859502358775,49897,Amble Normanville,#a35,203,203
204,1175891621377,56144,Daron Gencke,#b15,204,204
205,1248519460706,99654,Selena Leare,#35e,205,205
206,4155685957866,44172,Keefe Patriskson,#1d1,206,206
207,6546171727210,81487,Rachele Huddles,#14a,207,207
208,3674166265355,27987,Dugald Klaaasen,#620,208,208
209,1070610305398,81172,Doralynne Tytler,#2ee,209,209
210,8701511791519,117729,Manfred Ralfe,#caa,210,210
211,6446139318259,14958,Selle Danilenko,#2ea,211,211
212,6508650143466,93687,Jaymee Gilling,#9f8,212,212
213,8983392789606,118566,Nancey Kibard,#2c8,213,213
214,3840733654795,118847,Myrle Avery,#f5d,214,214
215,9647558595815,45894,Skippy Mariot,#a5a,215,215
216,7233314291963,84065,Kristo Pechell,#89b,216,216
217,8114803007626,4885,Conway Yeowell,#8ad,217,217
218,3130615664113,116826,Kiri Exall,#616,218,218
219,6885152487872,37940,Jilli Dornin,#74f,219,219
220,2277807855076,82653,Myra Whitford,#952,220,220
221,1180716049351,15765,Twyla Pennycord,#f66,221,221
222,7481437050392,82215,Penny Statham,#746,222,222
223,5214221636905,89166,Nehemiah Thomerson,#24d,223,223
224,1731474605971,110826,Tabbie Limrick,#b29,224,224
225,6254901838490,113986,Travis Decker,#968,225,225
226,6524462471754,108892,Woodrow Lempertz,#936,226,226
227,8798295948527,118221,Emmett Walpole,#1a3,227,227
228,4286729500295,47526,Celinka Eaden,#abc,228,228
229,9879409674105,107326,Cirilo McPake,#0f2,229,229
230,7414729404667,61028,Valerie Fleetwood,#74f,230,230
231,8973563610927,7060,Erinna Burress,#020,231,231
232,6732094888468,30110,Katie Beade,#505,232,232
233,1506504445794,57981,Douglas Cranmer,#40b,233,233
234,9530793992397,62992,Toni Dymick,#e24,234,234
235,3029982930931,108549,Ines Lochet,#6b4,235,235
236,8409660685469,48176,Cati Partleton,#334,236,236
237,4506077388365,74272,Brander MacAleese,#b7f,237,237
238,2837829944149,33391,Alfy Andreotti,#384,238,238
239,3806128478031,5137,Ilsa Leak,#4eb,239,239
240,9412738690938,31445,Ardelis Benedicto,#685,240,240
241,5106419055786,88951,Althea Martinson,#416,241,241
242,1899645379862,58878,Clarance Nurdin,#df7,242,242
243,2842031221829,42433,Leona Cranmore,#096,243,243
244,2050588101164,8069,Grenville Androli,#feb,244,244
245,8114606295310,111051,Lynnelle Gibling,#675,245,245
246,9182008834364,56563,Naomi Bram,#81a,246,246
247,4002867180868,9163,Theresina Batts,#b04,247,247
248,4176035159788,50028,Beale Clash,#52f,248,248
249,2942508848374,19498,Miof mela Whalebelly,#181,249,249
250,8829161938251,104954,Corbett Dunlop,#4d0,250,250
251,4726943404683,84751,Umberto Wigmore,#eb8,251,251
252,7140901597173,42068,Sigismundo Gipp,#0f6,252,252
253,1446880575779,117567,Rosetta Buttler,#57c,253,253
254,5477503860967,86883,Alexandro Gergus,#296,254,254
255,2064485376009,92236,Eveline Bate,#92b,255,255
256,3722415443928,97274,Aldin Kobierski,#de6,256,256
257,2645937237888,41605,Mortimer Peaker,#053,257,257
258,8848731821430,87560,Theadora Benns,#437,258,258
259,2267940437330,97335,Darbee Barneville,#7de,259,259
260,3621942222336,77083,Brandise Glavin,#b8f,260,260
261,6495625769541,77227,Adolph Wainscot,#a0d,261,261
262,2699245272056,109869,Alejandro Dodswell,#c09,262,262
263,8380663059968,79387,Mavis Fatharly,#cec,263,263
264,6844688322616,40113,Millard Sleney,#1a6,264,264
265,3514154579249,53010,Kristine Berrington,#b24,265,265
266,5396770147955,49446,Salome Hanford,#c24,266,266
267,3710188990449,104284,Quinn Wannes,#7df,267,267
268,7307006506362,41264,Oralle Ricoald,#813,268,268
269,4542250156256,104123,Allyn Portch,#c42,269,269
270,5592861304813,45756,Care Cesconi,#99c,270,270
271,2776286781427,6450,Lorie Philipeaux,#0ad,271,271
272,7030164672989,81939,Karita Goodall,#262,272,272
273,3137278617295,47808,Orren Perceval,#080,273,273
274,2780457187275,9912,Devy Thickin,#d01,274,274
275,8994236457446,15094,Putnem Standon,#7b6,275,275
276,5429746371702,42039,Joshua Fulun,#808,276,276
277,6160643024792,115591,Bear Smyth,#3df,277,277
278,3146423140061,69899,Cullan Lukacs,#349,278,278
279,7310569216419,10395,Winnie Tonbye,#96a,279,279
280,5895082510413,30114,Zollie Beevor,#227,280,280
281,7983374204791,73411,Dana Axleby,#85d,281,281
282,3886727580588,69869,Michel Gatenby,#3b9,282,282
283,4218562187294,48276,Upton Coursor,#43f,283,283
284,5621854443903,42841,De Kenen,#976,284,284
285,1832748881018,69679,Kylila Trethewey,#759,285,285
286,4337280485738,25622,Winnie Simoes,#af9,286,286
287,9904232594985,75243,Blinni Pigney,#093,287,287
288,4645499030222,74695,Glory Woodings,#164,288,288
289,2925286847404,14019,Nicol Frazier,#c65,289,289
290,1366068296596,4256,Nicoli Pactat,#acf,290,290
291,8796001263367,36035,Nicolea Shufflebotham,#e83,291,291
292,3600919529589,106623,Lanie Arnoud,#754,292,292
293,6993793303618,72234,Hart Pogg,#356,293,293
294,6390308139483,5026,Carlen Klauer,#952,294,294
295,2325384571462,115177,Cleavland Boughton,#966,295,295
296,8567261518320,63041,Gabi Conachy,#d50,296,296
297,4465490864599,96386,Cathee Stookes,#cf4,297,297
298,8319318870654,64044,Guss Tremellan,#ff6,298,298
299,3596031642501,67510,Karlotta Brookes,#8bd,299,299
300,3844460427236,18649,Alford Jelleman,#7e8,300,300
301,9504262725817,14329,Delmer Fernihough,#03f,301,301
302,1982838548790,55281,Anjanette Buller,#b0c,302,302
303,7239970771864,18733,Andie Von Oertzen,#68a,303,303
304,7328742673293,112183,Nathalie Scandwright,#8de,304,304
305,6989188713628,28739,Culley Ipsley,#872,305,305
306,4576987266795,83245,Sherill Dallmann,#15d,306,306
307,7085938054979,39780,Jeramie Barajaz,#91d,307,307
308,9471531522633,22512,Clarette Whitfield,#417,308,308
309,2344078149439,16608,Nolana McGilvary,#f2c,309,309
310,1473878106053,77308,Isobel Theriot,#1a9,310,310
311,2128464299975,15387,Cari Caffery,#2a8,311,311
312,7369476042641,84263,Ring Kerswell,#11d,312,312
313,7042914603841,52696,Caryl Trencher,#63a,313,313
314,4897458090349,103914,Frankie Creaser,#eca,314,314
315,9323632295824,94319,Arte Adamec,#fda,315,315
316,5071090009031,76511,Kalila Yakunchikov,#4a5,316,316
317,1770417220737,118936,Rickie Dysart,#c21,317,317
318,5261889550624,22075,Khalil Kohrsen,#7d2,318,318
319,4911575351655,30317,Clay Purkiss,#152,319,319
320,5813458075611,21050,Hilton Condell,#ae2,320,320
321,8658135826748,32691,Norbie McGinlay,#dd9,321,321
322,9117551024483,4598,Irvine Chisholme,#a52,322,322
323,1175786835315,118088,Ysabel Baldoni,#4ec,323,323
324,5004698699792,111503,Augie Lerwill,#1d8,324,324
325,9374633300158,106144,Errick Bassingham,#4f3,325,325
326,6183693523161,5960,Ellissa Oates,#e2a,326,326
327,3792985571022,52446,Tamara Lighterness,#d52,327,327
328,9594608809877,45202,Maddie Gasker,#efb,328,328
329,8771857027974,26459,Aindrea Daveley,#7ff,329,329
330,1126618992840,106006,Jerald Creser,#700,330,330
331,8100794571497,102603,Fernande Loddon,#3cf,331,331
332,8183336691247,46863,Dareen Polleye,#7e3,332,332
333,5810993974575,24764,Chandal Merigot,#b7d,333,333
334,7297369225401,111113,Ruperto Grabb,#04a,334,334
335,5711607338630,94557,Mae Tallon,#294,335,335
336,6338692447961,96656,Ninette Loudyan,#2ba,336,336
337,4167459507353,71259,Nalani Duffett,#c80,337,337
338,2244227883515,42072,Hanni Mattheeuw,#6e2,338,338
339,6019587567284,24570,Katinka Sworn,#4bc,339,339
340,7279057374075,66837,Davidson Brame,#3fe,340,340
341,4179183201638,20738,Aili Lowdes,#e86,341,341
342,9862451134261,8710,Yvor Nuccitelli,#b92,342,342
343,1007716426872,72984,Marys Kennelly,#dbb,343,343
344,7444813893494,15542,Kinnie Larby,#d58,344,344
345,8743409365196,90693,Dayna Lincoln,#797,345,345
346,3023413194133,82540,Gabie Jordan,#973,346,346
347,9809153956726,73266,Dorey Marchiso,#795,347,347
348,4525635019440,12518,Catina Vicker,#f1e,348,348
349,7963538008961,114198,Catina Tudor,#5d6,349,349
350,3069248083825,64617,Nicolas Jayne,#418,350,350
351,5345395331445,49686,Lyndel Thorbon,#25f,351,351
352,4021803865853,45258,Mora Nyles,#ce1,352,352
353,5882550820083,72618,Stirling Brandsen,#be6,353,353
354,6939328514147,74727,Brenden Vawton,#3a1,354,354
355,8156717131622,21262,Rebeca McArthur,#ace,355,355
356,3282738261660,74490,Dulciana Marchington,#832,356,356
357,6752995835016,71191,Micah Brinded,#7c0,357,357
358,3620598616876,75292,Eden Ceely,#b6b,358,358
359,3447004525168,69502,Jonis Heijne,#62c,359,359
360,7100944128796,60029,Aldus Cornbell,#360,360,360
361,4355347976116,23102,Erny Raye,#484,361,361
362,6234522271331,93723,Herbie Lewisham,#455,362,362
363,9421934327510,45673,Sonia Beldum,#ff3,363,363
364,8831572035613,77810,Natka Beels,#a4e,364,364
365,5938175985736,28550,Philippine Rickword,#ec4,365,365
366,8858238708961,42382,Charlton Loalday,#a82,366,366
367,4377278862788,22914,Erwin Whalebelly,#2bc,367,367
368,8217516889420,62014,Keefer Selwyne,#55c,368,368
369,2108486343511,69231,Meredith Long,#506,369,369
370,5405934820470,48128,Elliot York,#6dc,370,370
371,7182012930043,81831,Pace Wolfarth,#43e,371,371
372,7489690678614,105209,Joelle Clymo,#1bb,372,372
373,8339609420155,72527,Clyde Kingsnoad,#5d1,373,373
374,2038622996398,116994,Lexis Poletto,#fc4,374,374
375,2988302689842,112981,Adelaida Horsburgh,#3cc,375,375
376,3583485604620,63460,Dorris Ravenhills,#f3c,376,376
377,7144322067498,62046,Fitz Cordner,#dcb,377,377
378,6484140541376,110521,Alexei Munns,#28c,378,378
379,9488179958218,118319,Oran Trower,#493,379,379
380,6700392871330,104396,Cletus Valiant,#073,380,380
381,3511460735498,56422,Ransell Barg,#f1e,381,381
382,5237911848644,57530,Rickey Heare,#be2,382,382
383,1116983083861,113787,Valry Gilbart,#4c1,383,383
384,9313619445775,37495,Chrisy Scaysbrook,#105,384,384
385,2641281978400,17402,Lilith Tuther,#147,385,385
386,3319402489592,54384,Kimberlyn Wharin,#ada,386,386
387,2143775636630,48636,Brenden Robbert,#291,387,387
388,2087230204597,111424,Lydon Martinolli,#2a6,388,388
389,7183120981776,27863,Korney Lenormand,#aeb,389,389
390,5882414770664,45864,Shannen Martello,#b83,390,390
391,2421094108264,39005,Aluino Iremonger,#2fa,391,391
392,1602224452656,111812,Isidore Meth,#48a,392,392
393,7368067941927,109694,Tammie Wort,#0c4,393,393
394,8847395076707,39202,Stanford Brownsworth,#62b,394,394
395,8584045439195,18068,Oralee Ullock,#134,395,395
396,9663100502170,34476,Orlan Gaize,#589,396,396
397,7124181333986,39517,Belia Brason,#bd3,397,397
398,5605558398378,54082,Minda Methringham,#61a,398,398
399,3918421903681,107592,Adolphus Leyton,#021,399,399
400,3054643082899,110718,Goober Sparrowhawk,#f10,400,400
401,9079911316017,110017,Josee Hitzschke,#6d5,401,401
402,4286640151787,83004,Baryram Rennenbach,#b7c,402,402
403,5623918471319,6617,Muhammad Varney,#4b4,403,403
404,5092417815726,33193,Alysia Scranny,#dc1,404,404
405,9677072266061,62391,Richy Clues,#019,405,405
406,7923674552698,74020,Caterina Romaine,#162,406,406
407,7792993401333,22548,Sherye Oakinfold,#cd0,407,407
408,7358587915804,38724,Drugi Paxton,#b22,408,408
409,9870813528903,5405,Kinnie Ellens,#ad6,409,409
410,1322070430814,19400,Garvey Bentinck,#780,410,410
411,4246951278583,77987,Maddy Kertess,#9cc,411,411
412,7552547639807,22044,Janetta Mundall,#c06,412,412
413,7305009025956,97116,Brianne Babcock,#b07,413,413
414,5833473679971,25620,Raphaela Macilhench,#852,414,414
415,4867310628734,62144,Maddie Philp,#6bc,415,415
416,2841436378636,63556,Elfrida Ong,#6c0,416,416
417,6141365072000,23034,Gwen Koeppke,#4fb,417,417
418,4436121123229,10007,Templeton Girardeau,#6b7,418,418
419,8115503411991,99612,Brig Britt,#456,419,419
420,2341333875811,50125,Creighton Bielefeld,#72f,420,420
421,5115007000834,82822,Der Covington,#69b,421,421
422,7736410142762,73163,Moina Frackiewicz,#0b3,422,422
423,8047076922930,105324,Beatriz Streeter,#27f,423,423
424,4316458669114,110998,Daryn Flament,#018,424,424
425,1110009021111,99495,Katie Mabbutt,#4a9,425,425
426,7615853911687,94741,Sherline Foreman,#109,426,426
427,6506806376625,14455,Naomi Wolfers,#f37,427,427
428,1966696853284,70018,Harlin Sweet,#378,428,428
429,5205211013581,4705,Tymothy Stammirs,#aed,429,429
430,4009213096171,13300,Herculie Baumber,#9dd,430,430
431,1383497638446,79383,Jolyn Roscamps,#a2c,431,431
432,9681288862292,91721,Lindsay Drover,#573,432,432
433,6408527478715,32549,Shena Sprowle,#549,433,433
434,5850728247908,17953,Myriam Humphrey,#db9,434,434
435,4889434559010,104404,Colas Grimsdith,#a02,435,435
436,7512460292280,67335,Phoebe Kleimt,#d05,436,436
437,6502392570493,80968,Carolus Benadette,#45c,437,437
438,5777952204532,8128,Tandie Doxsey,#c4e,438,438
439,9039673414566,62408,Ax Aleevy,#1a2,439,439
440,5580100260996,117682,Gerhard Tippell,#f2c,440,440
441,5464985793486,48882,Duane Tweedy,#8d8,441,441
442,9279266660885,104856,Cassey Kissick,#2fa,442,442
443,3805636571649,117411,Melisse Raeburn,#723,443,443
444,1374820412970,101847,Gwenette Abelov,#4e6,444,444
445,8068809287557,70308,Russ Geldeford,#07c,445,445
446,3800235649324,18171,Shannen Guille,#c61,446,446
447,8723423632766,118042,Sully Di Biaggi,#bdc,447,447
448,9520174413612,80262,Stinky Camilleri,#9d4,448,448
449,1727831277557,26312,Dilly Bartleman,#1d8,449,449
450,2138708443095,99244,Mufi De Atta,#75f,450,450
451,1243799401216,87299,Iggy Everitt,#85f,451,451
452,3988843970684,68699,Alexandre Rewcastle,#e1d,452,452
453,3716833858556,32418,Anstice Leabeater,#0f8,453,453
454,6238557896866,54765,Kary Heavy,#500,454,454
455,9206251984080,99252,Steward Norcliff,#2e4,455,455
456,9316100027572,43436,Adele Dyment,#bae,456,456
457,4294381401222,48942,Jaymie Penella,#ef4,457,457
458,3394655178115,9802,Cori Bilbery,#f7f,458,458
459,9012817270524,8074,Thurston Royal,#467,459,459
460,4528350186007,12104,Kinny Jeandet,#7f5,460,460
461,8394743199846,12472,Hersh Buckham,#596,461,461
462,6129919823144,66539,Christye Vasenkov,#607,462,462
463,5368114380848,22820,Jillane Carrane,#818,463,463
464,4480104699366,57784,Janot Bovingdon,#c71,464,464
465,4375880475781,11935,Ashlie Quinton,#b6f,465,465
466,2055034572762,65856,Junia Coo,#a6d,466,466
467,8620277764336,75826,Boigie Ortsmann,#b10,467,467
468,1633389541507,47311,Angelique MacElroy,#949,468,468
469,4847795558863,111850,Desmond Heustace,#ca3,469,469
470,2962838142107,107708,Earvin Tantrum,#842,470,470
471,9455695263830,107201,Calley Kerins,#2e7,471,471
472,8437202153694,22423,Madelin Gribbins,#5ef,472,472
473,9464704214520,38036,Woodman Lygoe,#5a3,473,473
474,9187857221850,57294,Gillian Haliburton,#118,474,474
475,9046869162355,89214,Doretta Hexam,#49e,475,475
476,6696642582438,83680,Robinet Kilday,#53f,476,476
477,6827878968069,5181,Delphinia Flori,#013,477,477
478,5206461552839,47400,Holly Beedom,#d45,478,478
479,4784332866763,70500,Leonardo Owers,#004,479,479
480,4684011713437,104464,Baxie Duckels,#e9a,480,480
481,2206797858179,109442,Stephana Salman,#d9d,481,481
482,3663436761577,90898,Karla Pail,#9f9,482,482
483,3912842844204,93893,Tawnya Karys,#132,483,483
484,5954128996093,43629,Aindrea Meekings,#3fe,484,484
485,8973801984093,9733,Allie Eldritt,#a49,485,485
486,8444993223049,104862,Carolann Zoppo,#105,486,486
487,9970331842636,96758,Kelly Wardington,#d90,487,487
488,4446374730920,8654,Marnia Lindeboom,#fa3,488,488
489,5800364255614,20253,Towny Bernardon,#b18,489,489
490,1468650951288,12765,Loree Viger,#bb6,490,490
491,3186100047911,16915,Guillemette Swindon,#1a6,491,491
492,9750741318649,76141,Roderick Cowdray,#963,492,492
493,5589951451978,90610,Maureen McQuillan,#125,493,493
494,2154535175163,4158,Giulietta Elis,#ff4,494,494
495,8729796749026,86370,Pavlov Blincoe,#9d2,495,495
496,3334017132385,48597,Gavrielle Roan,#822,496,496
497,9527437920264,35647,Ashlie Cunliffe,#a50,497,497
498,4148170588717,99431,Angus Mugridge,#265,498,498
499,6148849989975,103942,Vail Binstead,#f06,499,499
500,5556380162756,111824,Patricio Lochet,#d05,500,500
501,9864224822584,10391,Madge Pinckstone,#d2b,501,501
502,8658017428812,114566,Matty Pavey,#e93,502,502
503,3598864303141,23120,Emmet Orpyne,#a69,503,503
504,2029015892605,95674,Sheeree Grogona,#419,504,504
505,7556928208580,24618,Bev Muffitt,#00f,505,505
506,5911721911480,29890,Barbaraanne Coats,#5d2,506,506
507,6866618771034,17552,Marius Bish,#ad8,507,507
508,3888437404503,41769,Francoise Somerlie,#689,508,508
509,5509459571093,95643,Rosaleen Ambrosetti,#ad3,509,509
510,8703031739354,17602,Brad MacDiarmid,#7a0,510,510
511,9145378977258,34740,Roxanna July,#41d,511,511
512,5748071178661,17549,Hephzibah John,#b5d,512,512
513,5412683559663,102967,Glenna Rassell,#9ec,513,513
514,9669203887603,51163,Ellyn Herion,#ee2,514,514
515,1141819544173,107817,Wolfy Lorand,#8d4,515,515
516,3034978569426,63827,Candie Cappell,#b5e,516,516
517,1917529820908,12122,Virgilio Corradini,#6fb,517,517
518,2540901737698,18235,Madalyn Garrelts,#cc8,518,518
519,3897540656410,61299,Pacorro Ransome,#01a,519,519
520,4559066076002,6257,Cristy Ingolotti,#bd7,520,520
521,6518510106496,22543,Lanette Drover,#cbd,521,521
522,1846474419957,27328,Allx Olivas,#a23,522,522
523,9742832381188,113040,Madelyn Meriel,#dd3,523,523
524,4093647706470,33956,Stearn Abbatini,#047,524,524
525,3196400364571,64612,Filmore Stickney,#d02,525,525
526,3154273405675,72647,Gwynne Itzkovici,#e41,526,526
527,6835617349016,75847,Teresina Shorthill,#539,527,527
528,2496493798944,66234,Lyon Liffe,#4cf,528,528
529,5269461378555,35822,Jule Alennikov,#399,529,529
530,4936984561916,52477,Letisha Fullalove,#a4d,530,530
531,6448291133950,76215,Lars Tissington,#849,531,531
532,9933718675032,112729,Daron Beven,#577,532,532
533,7396814160932,19706,Wald Hanniger,#8e5,533,533
534,9727294499865,27759,Perkin Ogilvy,#4a1,534,534
535,5129515584470,48340,Raina MacNockater,#e5d,535,535
536,3573128797737,36563,Devin Gothliff,#cab,536,536
537,4123301014388,98630,Etta Plume,#f06,537,537
538,9206829426921,75673,Derrik Bleue,#e2a,538,538
539,4476580296074,42234,Harcourt Collier,#39e,539,539
540,6388358274272,62382,Sue McLukie,#9a7,540,540
541,7042199417234,39553,Ram Fleeman,#7a5,541,541
542,5300522212416,85340,Lazar Keable,#4cd,542,542
543,4375006378176,59697,Cecilia Barkaway,#a15,543,543
544,5120395334781,21855,Wynn Magill,#978,544,544
545,3300461733071,11187,Maddalena Siddell,#44a,545,545
546,4810363533200,7184,Nicky Wink,#a1a,546,546
547,1661020080306,61878,Meggy Piggford,#893,547,547
548,3451273506905,98624,Trefor Tattershall,#b71,548,548
549,1490505403213,10707,Aguste Dobrowski,#2f9,549,549
550,9149829962686,40234,Diane-marie Bulford,#f41,550,550
551,7406115754494,74460,Aloysius Symons,#66d,551,551
552,8039728294012,43464,Logan Antwis,#b53,552,552
553,2185837159897,12691,Kalie Furneaux,#f6f,553,553
554,1543671574952,103055,Rae Digginson,#48d,554,554
555,8627664839745,70111,Lorene Cuming,#839,555,555
556,4282532658786,80231,Des Robus,#155,556,556
557,9939121182116,66959,Raf Gentil,#cdb,557,557
558,8190216242977,59432,Regine Screeton,#90b,558,558
559,3107987931583,8244,Philomena Duberry,#108,559,559
560,7471815580792,69892,Sloan Hunston,#2af,560,560
561,9397813638773,14372,Lianne Denial,#33a,561,561
562,9801872143847,45024,Lammond Campbell,#439,562,562
563,3815816085856,84821,Ike Humber,#edf,563,563
564,4326783837502,52851,Jerrome Boshier,#c85,564,564
565,1460784230251,115985,Marita Atteridge,#41e,565,565
566,2186438295729,55474,Aime Futter,#1af,566,566
567,6396681522509,100821,Sadye Blumsom,#569,567,567
568,5019878217377,46792,Enoch Bissell,#e49,568,568
569,7501540102684,92776,Magdalena Knoles,#8ed,569,569
570,7041178060200,108930,Piotr Noirel,#426,570,570
571,2541778685762,97844,Gerrard Lammert,#8ff,571,571
572,6704229942690,44921,Wakefield Lande,#69a,572,572
573,9188724589961,34986,Forrest Flecknoe,#d93,573,573
574,2081075911655,73258,Livy Matas,#71c,574,574
575,7874522725820,48871,Wolf Corington,#c6f,575,575
576,7327499593885,9803,Chere Fowden,#618,576,576
577,5796117634663,91589,Bobbe Fforde,#631,577,577
578,4716864017471,9509,Kamillah MacKeeg,#9d8,578,578
579,5636597324111,79788,Nicole Calderwood,#893,579,579
580,6248169662803,112222,Che Vinton,#70e,580,580
581,1407004762611,114454,Maria Halmkin,#d1e,581,581
582,2376989627624,12238,Iago O'Hanlon,#1a6,582,582
583,2621819621519,108573,Chad Karpushkin,#535,583,583
584,4733363570051,104873,Pammie Windybank,#687,584,584
585,5420393856339,101733,Svend Border,#d26,585,585
586,7637402711039,106519,Cordi Comizzoli,#f11,586,586
587,5347468946807,35916,Stephine Onion,#452,587,587
588,8024719735875,47707,Pieter Denington,#6aa,588,588
589,8286403420403,75810,Haley Aspinal,#553,589,589
590,5962537923258,54025,Lemmie Guarin,#43d,590,590
591,1944831668222,14647,Sinclair Kennard,#bef,591,591
592,5313814707288,60414,Johnna Belliard,#02f,592,592
593,7659772659612,108680,Nestor Pohls,#885,593,593
594,4246434922750,119298,Jasen Dinnington,#cb6,594,594
595,4593266219063,60610,Don Houldin,#b33,595,595
596,5604780808932,103967,Kelli Stampfer,#c51,596,596
597,9644098632859,5868,Blaire Bonnin,#4a0,597,597
598,4544283198746,76958,Cosimo Guilloux,#e66,598,598
599,7063875218174,114384,Nickola Offill,#18a,599,599
600,4936172776590,54078,Robbyn Furlonge,#62f,600,600
601,1094775963895,59697,Eward Cramp,#9ea,601,601
602,8710088294871,31104,Jefferey Dodman,#7da,602,602
603,3691820864330,58080,Dniren Dunster,#e51,603,603
604,5649306871706,17256,Tracy Gammage,#ab0,604,604
605,3877789094169,52337,Tiphani Tearle,#c3b,605,605
606,8450675830375,65672,Xylia Aggs,#3a3,606,606
607,8586527715988,103477,Mar Antognazzi,#670,607,607
608,7291070406745,41923,Jethro Coie,#a92,608,608
609,8301899160258,57726,Barnebas McShirrie,#05e,609,609
610,1917312498282,20768,Galen Bohje,#145,610,610
611,1354836346651,40438,Constantia Iacovini,#b5d,611,611
612,6559511960140,82462,Caterina De Ortega,#83a,612,612
613,8964656629849,110371,Steve Cowins,#c1c,613,613
614,3336955299740,91882,Adorne Blampy,#a05,614,614
615,6936327353990,67171,Tyrus Tanswell,#453,615,615
616,6684751012369,27422,Leanna Sapsed,#a02,616,616
617,7214259011661,101564,Salomi Lessmare,#b85,617,617
618,7193946001665,18794,Lorene Worlidge,#568,618,618
619,6572551704480,109030,Theresina Cosin,#0f7,619,619
620,6399755907490,36197,Becky Juanes,#a13,620,620
621,6013221932227,5166,Hewe Cadwallader,#3e4,621,621
622,7892366536463,87282,Doy Gaughan,#1ed,622,622
623,4339192837011,57134,Ronny Flavelle,#bc2,623,623
624,5494381634500,87621,Tasia Spolton,#cf9,624,624
625,4374730704514,59875,Yule Dampier,#325,625,625
626,3336525246730,37821,Terese Scrivinor,#461,626,626
627,4725442079591,69357,Milena Shobbrook,#0f6,627,627
628,1715301435064,76244,Nichole Grinham,#256,628,628
629,1785682499239,23338,Cacilia Sexon,#ec1,629,629
630,1943786396537,115488,Deidre Terrett,#b57,630,630
631,5650906228231,118835,Ravi Aitchinson,#1d3,631,631
632,3038695028896,118810,Luisa Edmead,#31e,632,632
633,9795743551532,69922,Florenza Stoeckle,#8f3,633,633
634,3970999290281,28996,Bobina Haward,#6c4,634,634
635,4084108185190,71427,Noby Petyankin,#1bf,635,635
636,8365468685383,102126,Osbert Hartlebury,#230,636,636
637,4877416593103,28425,Zachary Behn,#606,637,637
638,5376891212910,77226,Kennie Conneely,#933,638,638
639,5782858980991,56651,Renae Mabee,#79d,639,639
640,2139337118923,55767,Rory Singh,#d59,640,640
641,1624525726643,106935,Joni Poyntz,#06b,641,641
642,4594873166119,80455,Laraine Seeviour,#9ce,642,642
643,2087233038044,38309,Stinky Abbis,#4f4,643,643
644,5303008135447,63824,Marti Alkin,#496,644,644
645,5293265739941,60320,Sibyl Brattell,#755,645,645
646,8138262918396,11930,Julianne Fierro,#7f2,646,646
647,2353255741229,102218,Rolph Purser,#b0c,647,647
648,6452414216594,59349,Jan Kingswoode,#b2c,648,648
649,3777373862401,106737,Daisie Gilbride,#95d,649,649
650,5899906255858,34812,Mikel Dudley,#6c4,650,650
651,6587334067639,83975,Ximenez Cerie,#9a4,651,651
652,1308272416131,20869,Leigha Ruslen,#edb,652,652
653,6420442292686,110919,Yulma Macbeth,#977,653,653
654,3170244219736,76920,Evey Gantlett,#56b,654,654
655,3470123520317,77645,Alta Karoly,#80d,655,655
656,7412089149916,66418,Stearn Raffin,#471,656,656
657,4101620701044,88956,Peria Erbe,#22b,657,657
658,6100840675614,52934,Laure Messom,#9e2,658,658
659,8795754627097,67856,Cassandry Heindrich,#72d,659,659
660,5593402619372,113065,Vicky Instrell,#cf3,660,660
661,8912124619993,45926,Des Skilling,#e78,661,661
662,4008810508380,98089,Sanders Penkman,#c29,662,662
663,8919483031321,95650,Cate Holsey,#b96,663,663
664,1429043873789,60220,Michaelina Roads,#164,664,664
665,2948014107937,76389,Shelbi McIlvenny,#368,665,665
666,6409247075643,7760,Carlynn Blinco,#3e4,666,666
667,7946913597943,74149,Kikelia Sarfass,#6cb,667,667
668,7155783958389,96162,Judy Braven,#e11,668,668
669,4885962185314,33007,Quinton Hearsum,#8c7,669,669
670,1775740415273,96980,Bail Kubek,#a48,670,670
671,3865216379807,58189,Raoul Kennion,#905,671,671
672,9790921431521,79792,Carney Vasnev,#a5e,672,672
673,3833271899781,100394,Ellsworth Matisse,#899,673,673
674,6033070024593,92149,Virgilio Cruden,#f01,674,674
675,4319305132995,82240,Jesus Ferreri,#e0c,675,675
676,6981226363364,104064,Glory Wynne,#bd2,676,676
677,2211164211485,65936,Trenton Diment,#19c,677,677
678,7235497243961,25428,Sergeant Okker,#a46,678,678
679,7662941817700,65146,Myrtle Zoppo,#85e,679,679
680,8503806395775,52952,Corbie Awmack,#3f6,680,680
681,4732009726373,77542,Marlyn Chamney,#976,681,681
682,6375157404616,104593,Rhoda Biers,#4a3,682,682
683,1225127720744,111039,Charlene Iacovini,#998,683,683
684,6213184386619,102543,Marylynne Hathorn,#3dc,684,684
685,6858210441360,49680,Emlen Burnsides,#2ec,685,685
686,9580757949399,38845,Emmy Cuff,#890,686,686
687,9567599879148,89628,Jeniffer Toolin,#289,687,687
688,7328081581401,47466,Clark Johannesson,#cd0,688,688
689,2120617279578,59816,Rutger Nutton,#84a,689,689
690,6393922720013,102997,Rosaline Jagiello,#ec1,690,690
691,6776185639732,58616,Bradney Clara,#2ea,691,691
692,7248634860157,21535,Marissa Skirrow,#62d,692,692
693,5655673238581,6029,Anton Lattos,#10f,693,693
694,1140275153912,113836,Rosalynd Clemmens,#52d,694,694
695,6893904442253,50931,Nathalie Quinnelly,#ed9,695,695
696,2070267438469,17679,Noby Danielot,#bd2,696,696
697,2250880236057,93038,Maybelle Loseke,#467,697,697
698,3486537862514,42087,Valle Laxon,#6d8,698,698
699,9777555347311,61670,Wilmette Fairburne,#2de,699,699
700,1823716625876,38072,Ferdinande Sabban,#956,700,700
701,7506588284187,68925,Cindi O'Glessane,#49d,701,701
702,8688464653221,14917,Weber Castano,#526,702,702
703,1581339486079,107486,Emmet Mc Pake,#2c1,703,703
704,7377183938393,89256,Julieta Lovemore,#d16,704,704
705,7960780151953,14088,Sadie McIllroy,#c2c,705,705
706,3337013062410,111359,Catha Ottewell,#5b2,706,706
707,4375748450534,96477,Janene Ethersey,#2b5,707,707
708,1304061498413,39438,Addie Tolman,#bcc,708,708
709,8001096886288,93478,Foss Shimwall,#96b,709,709
710,7537701183179,91227,Sigfried Fysh,#667,710,710
711,1079130963825,78535,Donny Caukill,#e7a,711,711
712,7800904776856,113048,Robinetta Jenne,#a97,712,712
713,4157104592182,110488,Renae Padwick,#481,713,713
714,3356956024240,41930,Gay Colomb,#b8d,714,714
715,1943267603578,69850,Brandyn Henner,#39d,715,715
716,7054883800757,99958,Renard Illyes,#5d5,716,716
717,6783272756360,104909,Edd Iohananof,#74d,717,717
718,5415469240047,86987,Zacharie Belsher,#cbf,718,718
719,1277559750747,33427,Madelina Cadden,#67c,719,719
720,1339140364661,42907,Porter Girton,#391,720,720
721,9912472573973,93886,Giacomo Prestland,#6eb,721,721
722,6246177713760,97678,Bancroft Goalby,#20a,722,722
723,2349466310827,88872,Finlay Shergill,#dbc,723,723
724,5126973288717,93108,Lira Dun,#c66,724,724
725,1847439994092,107133,Myranda Goede,#839,725,725
726,6107538719208,15467,Garvey Drawmer,#0b9,726,726
727,8706738789202,107790,Isidoro Porter,#597,727,727
728,6242308323276,17692,Brandy Margram,#fc9,728,728
729,3815900927845,23591,Mallory Smallacombe,#78b,729,729
730,2139264738493,111171,Rhoda Shivell,#607,730,730
731,7261555249540,111495,Ruddie Lamblot,#143,731,731
732,9127712711194,118362,Merissa Hardcastle,#372,732,732
733,2041746665659,30632,Leanor Simeons,#4dd,733,733
734,4384115786842,96803,Frazer Eshmade,#591,734,734
735,9729962507483,109553,William Gervaise,#826,735,735
736,8820256288190,41121,Fulvia Pirouet,#936,736,736
737,2082161226470,42172,Haven Fridd,#813,737,737
738,8429735640804,57018,Jarrod Yearne,#635,738,738
739,1584938578795,12685,Birk Wayne,#da1,739,739
740,8533717918065,107728,Felizio Lovatt,#bee,740,740
741,5842310953203,98147,Cristal Fibbens,#c49,741,741
742,2375407729965,9856,Shellysheldon Kyffin,#7d4,742,742
743,6928579089454,81924,Adoree Donaway,#854,743,743
744,1505438063705,87294,Ernestine Akast,#333,744,744
745,7901499374835,9071,Kathlin Geraudel,#9ae,745,745
746,9072493880069,76856,Theobald Giannini,#6f9,746,746
747,6720295871291,99158,Caprice Byway,#52d,747,747
748,8308760730879,93327,Tadd Brayfield,#683,748,748
749,3944535554351,41886,Kendell Prynne,#bdf,749,749
750,6206637057315,93553,Loni Crowth,#864,750,750
751,6597287460521,118235,Maggie Handasyde,#f07,751,751
752,7045659631684,90525,Michal Summerlie,#61d,752,752
753,9884664307031,115810,Dyane Salzberg,#7b7,753,753
754,8708711564951,99544,Artur Huddles,#919,754,754
755,6915064186846,83185,Zsa zsa Booth,#c77,755,755
756,9518639146921,111972,Morgan Gaitley,#3c5,756,756
757,2835259978227,35911,Arie Simonite,#464,757,757
758,4151560489329,32421,Colver Cariss,#6e4,758,758
759,9279535940389,109018,Constantino Korb,#d0f,759,759
760,8512670834650,68578,Kenton Wheowall,#48f,760,760
761,8294645922117,38699,Shanie Smouten,#21f,761,761
762,2183902080500,55976,Marylou Jaine,#558,762,762
763,4796413113953,81797,Jarvis Bradburn,#bf4,763,763
764,6863873339518,11878,Karissa Davidovici,#51b,764,764
765,2258442617167,38908,Dode Nowak,#6d4,765,765
766,5828739542962,23932,Bogart Nisot,#da0,766,766
767,8683711997592,79546,Bogey Jeanet,#69a,767,767
768,3071431354018,73275,Marylee Malpas,#a31,768,768
769,4727362652255,110365,Viviyan Cawte,#a17,769,769
770,9514850433840,25199,Jordan Painswick,#2fd,770,770
771,8255447203842,34522,Patricia Comerford,#e8d,771,771
772,3563240787233,55435,Davidson Mattityahou,#4f1,772,772
773,7562451350223,80151,Kylen Leivers,#74b,773,773
774,5728900693181,20662,Marian Lowth,#c93,774,774
775,4493804272768,52227,Estel Gadaud,#462,775,775
776,2120299229059,82231,Stacia Shivell,#78a,776,776
777,9512999206535,86806,Emmalynn Jennaway,#5f6,777,777
778,8419486319864,104408,Verina Antunez,#035,778,778
779,5966526092402,43828,Libby Allaker,#908,779,779
780,9604195917304,113686,Birgitta Tennison,#e52,780,780
781,3340791911201,105809,Shandra Shelf,#4fb,781,781
782,1662872267906,48809,Donetta Chezelle,#bc7,782,782
783,9509246462836,6719,Kathrine MacIlory,#2b2,783,783
784,8495585536478,11853,Stillmann Wolvey,#375,784,784
785,6669646932768,48206,Zorah Savage,#a8f,785,785
786,3201902175888,30977,Nerita Collinwood,#998,786,786
787,5232293090561,68282,Maxy Houten,#fca,787,787
788,1325967363024,35322,Wallis Corradeschi,#510,788,788
789,1252478932357,24877,Keriann Dampney,#d69,789,789
790,2134989675429,60869,Valentine Antao,#153,790,790
791,4045232683443,111058,Henry Rantoull,#6f5,791,791
792,3384813473921,59733,Aurelia Rosie,#d0d,792,792
793,1226116723974,32752,Natty Pococke,#d3e,793,793
794,1555829994958,55040,Aurel Gurner,#71e,794,794
795,6887641960349,49784,Ichabod Dorre,#594,795,795
796,4183890351705,57281,Martita Francescuccio,#06a,796,796
797,8604581303133,69304,Carmella Mosco,#a9b,797,797
798,3476577243002,37603,Andy Hearfield,#cd3,798,798
799,1116463487611,59251,Ronalda Baxill,#ef2,799,799
800,6887908595061,113521,Omero Dyka,#451,800,800
801,5027368372422,89206,Mada Clapshaw,#7ed,801,801
802,5727763294745,20958,Kincaid Brunke,#a40,802,802
803,5884646883161,20655,Vincenty Bendon,#194,803,803
804,4624059603808,81402,Danell Marcoolyn,#c29,804,804
805,6907846025445,94454,Beatriz Sonley,#0fe,805,805
806,8552933801468,80207,Loella Hovington,#472,806,806
807,9035733743754,30192,Mead Gisby,#c9d,807,807
808,3242765601764,73160,Luce Jenkerson,#bc1,808,808
809,9712871909024,53568,Gabrielle Jaskowicz,#2e2,809,809
810,5854601323213,38680,Malva Crinkley,#885,810,810
811,7823956255879,96956,Nessy Bettaney,#d8a,811,811
812,6901355605986,102827,Terry Brunnen,#dc7,812,812
813,1400776054779,119989,Armando Beaten,#2d4,813,813
814,7404278323943,75678,Janine Rossin,#377,814,814
815,3631995771496,92754,Sauncho Goodredge,#aea,815,815
816,6729315093617,98234,Blakelee Grzegorecki,#f6c,816,816
817,9074099787837,102141,Cherianne Rahlof,#fd4,817,817
818,2430044913721,29556,Star Augustus,#d91,818,818
819,1072019471123,11935,Benedicto Da Costa,#d17,819,819
820,8604828418838,53128,Gasper Ridgewell,#613,820,820
821,3140212842773,43317,Maxie Dennick,#f44,821,821
822,8481035681570,45640,Dodie Rablin,#8f0,822,822
823,4822374152553,54169,Samuele Goggey,#87e,823,823
824,6699148851601,79819,Mathe Lavrinov,#180,824,824
825,4611679613379,42913,Haslett Umbers,#a28,825,825
826,2267216353200,55349,Cass Houlden,#95c,826,826
827,4686516057773,35359,Marlin Littrell,#08c,827,827
828,3652727156818,104794,Crystie Joynson,#1a1,828,828
829,1889581467016,91180,Zedekiah Tootell,#22a,829,829
830,3109075142317,38142,Douglas Spitell,#e8f,830,830
831,6138604754694,53352,Georgena Barrowcliffe,#36f,831,831
832,5542173662712,80283,Keely Stormonth,#8f7,832,832
833,4878868342570,36458,Cassaundra Senchenko,#bc8,833,833
834,5456710264855,84545,Randie Quant,#491,834,834
835,6701505199033,82963,Ivie Parchment,#fc0,835,835
836,2398308837027,97343,Arin Sherreard,#297,836,836
837,4570777013415,77009,Oates Oaker,#42d,837,837
838,6799555171548,79068,Sandor Verner,#cf9,838,838
839,6950023282860,63631,Clevey Archbold,#eed,839,839
840,8025527086757,17058,Erica Crowdace,#e7b,840,840
841,8980824050680,93522,Zita Ekins,#581,841,841
842,1288019500015,36004,Hyman Glassard,#7f0,842,842
843,4746600453730,32071,Joana Pettis,#626,843,843
844,8956662167019,118110,Kendrick Cawcutt,#9d4,844,844
845,3457350567544,103235,Joyan Skase,#21d,845,845
846,6583357616824,38109,Dyna Osanne,#398,846,846
847,7365268125543,76240,Janey Sherbrooke,#972,847,847
848,7486922942841,68564,Shea Stratford,#195,848,848
849,8845631787375,44390,Tommie Feighry,#895,849,849
850,3743992435252,79348,Tiebout Caddies,#08f,850,850
851,7842105027909,19044,Trey Froschauer,#1e7,851,851
852,9634039267760,104759,Hendrick Bremley,#85d,852,852
853,5913445693516,28621,Karilynn Brear,#500,853,853
854,4596470378997,72764,Ardene Heaton,#880,854,854
855,9790611068681,18913,May Elliman,#e1e,855,855
856,3393730853097,77174,Pauli Guilloton,#c7a,856,856
857,9408418123895,28341,Eyde Stuttard,#c8d,857,857
858,6823226303436,51406,Alley Crowth,#261,858,858
859,9373470268055,78906,Flori Seabrocke,#670,859,859
860,5355937112112,52287,Martainn Woodford,#f57,860,860
861,1299416033990,95145,Lacey Gooderick,#174,861,861
862,7472805841301,17760,Denise Tidbald,#c88,862,862
863,4257130647700,18527,Nikolia Collelton,#38c,863,863
864,6049574597676,72150,Babbie Cussins,#47d,864,864
865,2738831812243,68608,Shelby McClune,#491,865,865
866,7084627769959,40848,Sacha Flag,#330,866,866
867,7686555118201,115791,Hank Domenichelli,#bfa,867,867
868,9431472919977,118508,Elroy Brosini,#d00,868,868
869,1938892163092,90117,Karrah Temperton,#3ac,869,869
870,1715069529964,102686,Antonius Skilbeck,#600,870,870
871,8370293887479,52972,Bob Dollimore,#3c5,871,871
872,8248100601137,9611,Marena Seivertsen,#958,872,872
873,3265651208746,8930,Bert Thornbarrow,#fd2,873,873
874,3173623532243,108982,Stavro Rome,#cae,874,874
875,5231223690609,87910,Marya Cooling,#e3f,875,875
876,9310760219930,90565,Tamar Sallenger,#db7,876,876
877,2784233787549,8452,Beulah Offer,#04b,877,877
878,4313734276956,5599,Aurlie Meletti,#bdd,878,878
879,7474339492806,99313,Shaughn Redborn,#541,879,879
880,7796323956642,18968,Christian Mitchinson,#8af,880,880
881,1802185622441,95266,Barry Worswick,#37b,881,881
882,7138325764476,71149,Frank Doughartie,#436,882,882
883,7167456952117,19925,Warden Bradnam,#962,883,883
884,5898989059544,55252,Shelba Beaudry,#2bb,884,884
885,3230018237436,108234,Leann McGraffin,#8ea,885,885
886,4165770414958,48025,Lizabeth Kares,#7dd,886,886
887,6180551646578,107124,Kirbie Lakeman,#532,887,887
888,8287582595404,29886,Bay MacDermott,#fda,888,888
889,4527406241631,51754,Jodie Stitwell,#ffe,889,889
890,9450904075825,7071,Avrom Geale,#257,890,890
891,4846359706449,110004,Karolina Nelane,#d47,891,891
892,4608509152412,12588,Vin Ovitz,#d27,892,892
893,8578314152443,17862,Moishe Spilsbury,#635,893,893
894,2250447226658,74087,Fredrika Hyndes,#81e,894,894
895,6950403467533,114996,Zarah Endicott,#a2a,895,895
896,2379310390349,10524,Renee Buttrey,#99a,896,896
897,5931383588050,76353,Alistair Leefe,#057,897,897
898,2380680044086,83618,Moyna Collcott,#579,898,898
899,9747881983123,87221,Auguste Chotty,#05d,899,899
900,3687781406316,116424,Cybill Curgenuer,#33b,900,900
901,1152766038424,53260,Wesley Rahill,#abf,901,901
902,4639336789704,112319,Eddy Pretor,#3b0,902,902
903,6443718588314,58700,Lorena Ravenscraft,#a77,903,903
904,4304663787309,27305,Bibbye Gumme,#a87,904,904
905,3658788325409,29766,Beltran Sustins,#462,905,905
906,2686093305372,10750,Hendrik Nussii,#60d,906,906
907,2131832588917,104160,Haley Denyer,#a6a,907,907
908,5375386091518,13150,Caitlin Levesley,#34d,908,908
909,3947581690947,70100,Quinta De Roberto,#2e5,909,909
910,3662039909092,73069,Ely Wardroper,#279,910,910
911,6950067666055,27494,Cheslie Lanfer,#b82,911,911
912,7847361703877,96341,Blinni Gourlay,#c41,912,912
913,1925983562500,68766,Opaline Farlam,#c79,913,913
914,1757754414286,63645,Simone Kinge,#abd,914,914
915,2155514686404,29860,Antonia Loomes,#d42,915,915
916,6419619206186,71035,Cloe Galletley,#6c2,916,916
917,9580659013971,85805,Kyla Colcomb,#58d,917,917
918,5137848997193,12722,Rosmunda Shalloo,#cd7,918,918
919,8021364032075,16207,Leonid Christer,#d10,919,919
920,3914879801386,91052,Essa Heinecke,#61b,920,920
921,9896540475081,117299,Gabie Visick,#93f,921,921
922,9850235763006,16610,Fianna Heditch,#77b,922,922
923,8495291884623,115009,Wren Walshe,#8df,923,923
924,6027107524226,22439,Nessie Rene,#2e7,924,924
925,4848094115755,14678,Elbert Stretton,#5fa,925,925
926,3477039168373,98302,Leela Rotherham,#80e,926,926
927,8186884918438,81145,Christiane Gouley,#808,927,927
928,2007114534997,59543,Jannelle Godden,#5c6,928,928
929,6371969516432,25644,Alli Crumpe,#fb5,929,929
930,7369194329815,58099,Barney Mountfort,#14c,930,930
931,8185450506371,13750,Tara Pleasants,#fda,931,931
932,3956992898049,44322,Stern Smallwood,#a38,932,932
933,9215325168695,81312,Claiborn Frake,#e14,933,933
934,6247682370927,85553,Rickie Giovanizio,#155,934,934
935,2928547369000,109361,Nadya Jeannenet,#97c,935,935
936,6235091197523,79717,Gilbertina Wreath,#e89,936,936
937,2550792296546,9198,Betty Larver,#354,937,937
938,7646207794014,72282,Hewie Pinwell,#aa2,938,938
939,8842911002070,115654,Victoir Canby,#c5e,939,939
940,7976560390585,109132,Dom Bootell,#7e5,940,940
941,8511007530172,98894,Yolane Sarfas,#34b,941,941
942,8068654089749,99769,Bria Bowne,#d35,942,942
943,7860761819461,67806,Violette Dyter,#314,943,943
944,2681751473684,88529,Madelene Branno,#e3a,944,944
945,6965905774874,117089,Jacob Heselwood,#20f,945,945
946,4919225066245,110885,Paula Alexsandrowicz,#d10,946,946
947,2931798840867,117576,Angelique Eustanch,#2d7,947,947
948,5089019156141,68524,Emmie Tissington,#36a,948,948
949,3354737922059,110721,Allis Siggin,#0ce,949,949
950,7414397634500,108103,Mata Capozzi,#152,950,950
951,3100295174153,5689,Moe Bankhurst,#576,951,951
952,8401112045420,13112,Sheena Ord,#343,952,952
953,3017896435530,78559,Rouvin Hawken,#314,953,953
954,5803711555358,118061,King Pinare,#bc7,954,954
955,1851592807071,11155,Bernete Stichall,#bed,955,955
956,8941159571367,32888,Margarette Rodman,#3cb,956,956
957,9163842338613,111961,Hart Creagh,#3d7,957,957
958,2156099631646,17074,Nikki Vasilyev,#4fb,958,958
959,9318801369268,63369,Gardiner Mullins,#d3b,959,959
960,6565542361930,20042,Kippy Simonian,#c95,960,960
961,7161462391660,64440,Cassandry Cutress,#cb6,961,961
962,7129546899159,35048,Clarice Barmby,#534,962,962
963,6942437970517,6700,Audrie Freddi,#3e7,963,963
964,1854028622088,59793,Mariya Kingshott,#0b5,964,964
965,5846521778168,49829,Natal Wingham,#542,965,965
966,6455324242537,43132,Talbot Creed,#849,966,966
967,5198649983922,114392,Gerhardine Ciccotto,#86c,967,967
968,5229467419542,55907,Shirleen Pashba,#e28,968,968
969,3891052929144,12820,Milzie Yorke,#ad4,969,969
970,5911766550428,51271,Buckie Corben,#a8c,970,970
971,9163652962084,14845,Mirabel Pryor,#f36,971,971
972,2745056485743,74256,Maribel Coey,#00b,972,972
973,2310189629983,92015,Alix Osgordby,#4d5,973,973
974,4340864614714,110097,Tadeo Caff,#2b6,974,974
975,5974037955904,17938,Ceciley Lammerich,#51b,975,975
976,6212163158132,41022,Clotilda Wrack,#ef1,976,976
977,2746791394684,46838,Micheal Dunabie,#a9b,977,977
978,7049401361492,6452,Kristian Blandamere,#3da,978,978
979,8516788730889,50577,Beverlie Yushmanov,#f3f,979,979
980,7117748422709,38897,Alexandre Clemmens,#b04,980,980
981,1138491243800,91740,Flori Weedon,#629,981,981
982,9604579273431,100337,Paxon Chell,#9b9,982,982
983,1527300293909,57867,Thorny Phifer,#908,983,983
984,2837598593113,14453,Cesare Kempster,#5c6,984,984
985,7435413747404,54047,Claire Sturm,#3af,985,985
986,1997495591081,76220,Bonny Jerzycowski,#1d5,986,986
987,7242501143904,4694,Israel Mealand,#9a8,987,987
988,6673854337793,100296,Findlay Foort,#90a,988,988
989,6199382181018,86521,Cyrillus Blais,#d7f,989,989
990,3395031593404,110349,Peyton Perse,#214,990,990
991,9968430524758,17981,Miguelita Gass,#2ec,991,991
992,1778236283471,80296,Jojo Server,#af6,992,992
993,8673389553424,88664,Taddeo Rowlinson,#e58,993,993
994,7371482367825,95534,Katharyn Kinastan,#b88,994,994
995,8076483800966,42219,Elsbeth Elis,#226,995,995
996,4034448994837,89950,Fran Arnaudet,#0cc,996,996
997,1427869420438,8839,Sukey Edy,#6b8,997,997
998,3942472455584,91100,Marty Stigers,#178,998,998
999,3546062451560,106661,Sally Brownsmith,#929,999,999
1000,7472541134337,19768,Evelin Shillaber,#5bf,1000,1000
